Dt,Tmp,tol,City,Country
1/1/1900,-17.104,1.129,Newfoundland And Labrador,Canada
2/1/1900,-12.925,1.031,Newfoundland And Labrador,Canada
3/1/1900,-10.478,1.102,Newfoundland And Labrador,Canada
4/1/1900,-3.536,0.537,Newfoundland And Labrador,Canada
5/1/1900,3.129,0.537,Newfoundland And Labrador,Canada
6/1/1900,9.038,0.757,Newfoundland And Labrador,Canada
7/1/1900,11.541,0.582,Newfoundland And Labrador,Canada
8/1/1900,11.407,0.744,Newfoundland And Labrador,Canada
9/1/1900,7.338,1.532,Newfoundland And Labrador,Canada
10/1/1900,1.389,0.851,Newfoundland And Labrador,Canada
11/1/1900,-6.194,0.804,Newfoundland And Labrador,Canada
12/1/1900,-13.991,0.737,Newfoundland And Labrador,Canada
1/1/1901,-18.052,0.691,Newfoundland And Labrador,Canada
2/1/1901,-10.879,1.467,Newfoundland And Labrador,Canada
3/1/1901,-9.982,0.879,Newfoundland And Labrador,Canada
4/1/1901,-1.127,0.896,Newfoundland And Labrador,Canada
5/1/1901,3.878,0.995,Newfoundland And Labrador,Canada
6/1/1901,9.032,0.677,Newfoundland And Labrador,Canada
7/1/1901,12.162,0.778,Newfoundland And Labrador,Canada
8/1/1901,12.431,0.632,Newfoundland And Labrador,Canada
9/1/1901,6.854,1.485,Newfoundland And Labrador,Canada
10/1/1901,1.178,0.525,Newfoundland And Labrador,Canada
11/1/1901,-3.608,0.983,Newfoundland And Labrador,Canada
12/1/1901,-11.057,0.487,Newfoundland And Labrador,Canada
1/1/1902,-15.743,0.952,Newfoundland And Labrador,Canada
2/1/1902,-10.402,1.246,Newfoundland And Labrador,Canada
3/1/1902,-7.826,2.035,Newfoundland And Labrador,Canada
4/1/1902,-2.06,0.733,Newfoundland And Labrador,Canada
5/1/1902,2.547,0.732,Newfoundland And Labrador,Canada
6/1/1902,7.154,1.06,Newfoundland And Labrador,Canada
7/1/1902,11.94,0.834,Newfoundland And Labrador,Canada
8/1/1902,12.83,1.01,Newfoundland And Labrador,Canada
9/1/1902,9.025,0.981,Newfoundland And Labrador,Canada
10/1/1902,1.485,1.106,Newfoundland And Labrador,Canada
11/1/1902,-5.782,1.044,Newfoundland And Labrador,Canada
12/1/1902,-13.999,1.794,Newfoundland And Labrador,Canada
1/1/1903,-17.324,1.263,Newfoundland And Labrador,Canada
2/1/1903,-17.512,1.184,Newfoundland And Labrador,Canada
3/1/1903,-11.656,0.968,Newfoundland And Labrador,Canada
4/1/1903,-4.695,0.967,Newfoundland And Labrador,Canada
5/1/1903,2.178,0.777,Newfoundland And Labrador,Canada
6/1/1903,6.865,0.668,Newfoundland And Labrador,Canada
7/1/1903,11.1,0.777,Newfoundland And Labrador,Canada
8/1/1903,10.231,0.513,Newfoundland And Labrador,Canada
9/1/1903,7.921,0.677,Newfoundland And Labrador,Canada
10/1/1903,1.759,0.537,Newfoundland And Labrador,Canada
11/1/1903,-4.062,0.684,Newfoundland And Labrador,Canada
12/1/1903,-13.933,1.451,Newfoundland And Labrador,Canada
1/1/1904,-19.107,0.914,Newfoundland And Labrador,Canada
2/1/1904,-19.381,0.714,Newfoundland And Labrador,Canada
3/1/1904,-12.744,0.689,Newfoundland And Labrador,Canada
4/1/1904,-5.285,1.757,Newfoundland And Labrador,Canada
5/1/1904,3.183,1.238,Newfoundland And Labrador,Canada
6/1/1904,8.384,0.947,Newfoundland And Labrador,Canada
7/1/1904,12.902,0.643,Newfoundland And Labrador,Canada
8/1/1904,12.023,0.614,Newfoundland And Labrador,Canada
9/1/1904,6.198,1.221,Newfoundland And Labrador,Canada
10/1/1904,0.672,0.792,Newfoundland And Labrador,Canada
11/1/1904,-5.461,0.748,Newfoundland And Labrador,Canada
12/1/1904,-15.186,0.675,Newfoundland And Labrador,Canada
1/1/1905,-20.282,1.095,Newfoundland And Labrador,Canada
2/1/1905,-16.117,1.388,Newfoundland And Labrador,Canada
3/1/1905,-12.862,0.746,Newfoundland And Labrador,Canada
4/1/1905,-1.299,1.326,Newfoundland And Labrador,Canada
5/1/1905,2.617,0.531,Newfoundland And Labrador,Canada
6/1/1905,7.931,0.589,Newfoundland And Labrador,Canada
7/1/1905,12.066,0.995,Newfoundland And Labrador,Canada
8/1/1905,11.699,0.522,Newfoundland And Labrador,Canada
9/1/1905,7.9,0.555,Newfoundland And Labrador,Canada
10/1/1905,1.468,0.761,Newfoundland And Labrador,Canada
11/1/1905,-5.786,0.91,Newfoundland And Labrador,Canada
12/1/1905,-14.534,1.99,Newfoundland And Labrador,Canada
1/1/1906,-15.72,1.376,Newfoundland And Labrador,Canada
2/1/1906,-16.857,1.052,Newfoundland And Labrador,Canada
3/1/1906,-11.957,0.893,Newfoundland And Labrador,Canada
4/1/1906,-5.199,0.672,Newfoundland And Labrador,Canada
5/1/1906,3.127,0.989,Newfoundland And Labrador,Canada
6/1/1906,7.848,0.717,Newfoundland And Labrador,Canada
7/1/1906,13.205,1.374,Newfoundland And Labrador,Canada
8/1/1906,12.387,0.874,Newfoundland And Labrador,Canada
9/1/1906,7.023,0.747,Newfoundland And Labrador,Canada
10/1/1906,1.678,0.866,Newfoundland And Labrador,Canada
11/1/1906,-4.622,1.251,Newfoundland And Labrador,Canada
12/1/1906,-13.577,1.13,Newfoundland And Labrador,Canada
1/1/1907,-20.171,0.59,Newfoundland And Labrador,Canada
2/1/1907,-19.588,0.583,Newfoundland And Labrador,Canada
3/1/1907,-13.586,0.797,Newfoundland And Labrador,Canada
4/1/1907,-5.973,0.854,Newfoundland And Labrador,Canada
5/1/1907,1.637,0.619,Newfoundland And Labrador,Canada
6/1/1907,7.601,0.512,Newfoundland And Labrador,Canada
7/1/1907,11.222,0.698,Newfoundland And Labrador,Canada
8/1/1907,11.532,0.536,Newfoundland And Labrador,Canada
9/1/1907,7.241,0.676,Newfoundland And Labrador,Canada
10/1/1907,0.979,0.615,Newfoundland And Labrador,Canada
11/1/1907,-4.46,0.62,Newfoundland And Labrador,Canada
12/1/1907,-12.572,0.936,Newfoundland And Labrador,Canada
1/1/1908,-16.902,1.156,Newfoundland And Labrador,Canada
2/1/1908,-15.348,1.031,Newfoundland And Labrador,Canada
3/1/1908,-12.695,0.815,Newfoundland And Labrador,Canada
4/1/1908,-5.519,0.836,Newfoundland And Labrador,Canada
5/1/1908,3.455,0.953,Newfoundland And Labrador,Canada
6/1/1908,8.162,0.597,Newfoundland And Labrador,Canada
7/1/1908,14.035,0.579,Newfoundland And Labrador,Canada
8/1/1908,12.068,0.633,Newfoundland And Labrador,Canada
9/1/1908,9.521,1.395,Newfoundland And Labrador,Canada
10/1/1908,2.781,0.709,Newfoundland And Labrador,Canada
11/1/1908,-4.986,0.653,Newfoundland And Labrador,Canada
12/1/1908,-15.231,0.465,Newfoundland And Labrador,Canada
1/1/1909,-19.096,0.754,Newfoundland And Labrador,Canada
2/1/1909,-17.703,0.485,Newfoundland And Labrador,Canada
3/1/1909,-7.093,1.44,Newfoundland And Labrador,Canada
4/1/1909,-4.317,0.722,Newfoundland And Labrador,Canada
5/1/1909,3.579,0.66,Newfoundland And Labrador,Canada
6/1/1909,8.612,0.477,Newfoundland And Labrador,Canada
7/1/1909,12.857,0.49,Newfoundland And Labrador,Canada
8/1/1909,13.878,0.535,Newfoundland And Labrador,Canada
9/1/1909,8.33,0.77,Newfoundland And Labrador,Canada
10/1/1909,3.036,0.697,Newfoundland And Labrador,Canada
11/1/1909,-3.841,0.71,Newfoundland And Labrador,Canada
12/1/1909,-8.865,1.48,Newfoundland And Labrador,Canada
1/1/1910,-14.505,1.615,Newfoundland And Labrador,Canada
2/1/1910,-18.661,0.86,Newfoundland And Labrador,Canada
3/1/1910,-10.495,1.45,Newfoundland And Labrador,Canada
4/1/1910,-1.66,0.796,Newfoundland And Labrador,Canada
5/1/1910,4.083,0.584,Newfoundland And Labrador,Canada
6/1/1910,8.224,0.627,Newfoundland And Labrador,Canada
7/1/1910,12.349,0.846,Newfoundland And Labrador,Canada
8/1/1910,12.589,0.941,Newfoundland And Labrador,Canada
9/1/1910,7.24,0.996,Newfoundland And Labrador,Canada
10/1/1910,1.045,1.101,Newfoundland And Labrador,Canada
11/1/1910,-1.836,1.535,Newfoundland And Labrador,Canada
12/1/1910,-12.418,0.895,Newfoundland And Labrador,Canada
1/1/1911,-19.332,1.935,Newfoundland And Labrador,Canada
2/1/1911,-18.261,0.777,Newfoundland And Labrador,Canada
3/1/1911,-11.601,0.656,Newfoundland And Labrador,Canada
4/1/1911,-3.904,0.655,Newfoundland And Labrador,Canada
5/1/1911,3.397,0.52,Newfoundland And Labrador,Canada
6/1/1911,8.471,1.044,Newfoundland And Labrador,Canada
7/1/1911,13.197,0.553,Newfoundland And Labrador,Canada
8/1/1911,12.804,0.572,Newfoundland And Labrador,Canada
9/1/1911,7.851,0.706,Newfoundland And Labrador,Canada
10/1/1911,1.016,0.728,Newfoundland And Labrador,Canada
11/1/1911,-6.449,0.746,Newfoundland And Labrador,Canada
12/1/1911,-12.569,1.772,Newfoundland And Labrador,Canada
1/1/1912,-19.341,0.956,Newfoundland And Labrador,Canada
2/1/1912,-12.386,1.985,Newfoundland And Labrador,Canada
3/1/1912,-12.231,0.518,Newfoundland And Labrador,Canada
4/1/1912,-5.586,0.577,Newfoundland And Labrador,Canada
5/1/1912,3.759,0.776,Newfoundland And Labrador,Canada
6/1/1912,8.122,0.607,Newfoundland And Labrador,Canada
7/1/1912,11.343,0.755,Newfoundland And Labrador,Canada
8/1/1912,11.243,0.678,Newfoundland And Labrador,Canada
9/1/1912,6.512,0.734,Newfoundland And Labrador,Canada
10/1/1912,0.751,0.729,Newfoundland And Labrador,Canada
11/1/1912,-4.991,0.57,Newfoundland And Labrador,Canada
12/1/1912,-14.032,0.96,Newfoundland And Labrador,Canada
1/1/1913,-17.906,0.979,Newfoundland And Labrador,Canada
2/1/1913,-19.056,0.595,Newfoundland And Labrador,Canada
3/1/1913,-12.573,1.114,Newfoundland And Labrador,Canada
4/1/1913,-3.414,1.015,Newfoundland And Labrador,Canada
5/1/1913,2.7,0.627,Newfoundland And Labrador,Canada
6/1/1913,7.567,0.759,Newfoundland And Labrador,Canada
7/1/1913,11.242,0.523,Newfoundland And Labrador,Canada
8/1/1913,11.401,0.9,Newfoundland And Labrador,Canada
9/1/1913,7.212,0.815,Newfoundland And Labrador,Canada
10/1/1913,2.743,0.676,Newfoundland And Labrador,Canada
11/1/1913,-5.342,0.96,Newfoundland And Labrador,Canada
12/1/1913,-12.795,1.832,Newfoundland And Labrador,Canada
1/1/1914,-18.626,0.981,Newfoundland And Labrador,Canada
2/1/1914,-20.597,0.849,Newfoundland And Labrador,Canada
3/1/1914,-9.187,0.714,Newfoundland And Labrador,Canada
4/1/1914,-6.277,0.529,Newfoundland And Labrador,Canada
5/1/1914,2.501,0.631,Newfoundland And Labrador,Canada
6/1/1914,7.067,0.626,Newfoundland And Labrador,Canada
7/1/1914,11.888,0.909,Newfoundland And Labrador,Canada
8/1/1914,12.32,1.013,Newfoundland And Labrador,Canada
9/1/1914,8.325,0.746,Newfoundland And Labrador,Canada
10/1/1914,0.925,0.978,Newfoundland And Labrador,Canada
11/1/1914,-6.933,0.916,Newfoundland And Labrador,Canada
12/1/1914,-15.359,1.061,Newfoundland And Labrador,Canada
1/1/1915,-16.5,1.013,Newfoundland And Labrador,Canada
2/1/1915,-14.836,1.083,Newfoundland And Labrador,Canada
3/1/1915,-7.528,1.356,Newfoundland And Labrador,Canada
4/1/1915,-3.563,1.265,Newfoundland And Labrador,Canada
5/1/1915,2.989,1.085,Newfoundland And Labrador,Canada
6/1/1915,7.961,0.786,Newfoundland And Labrador,Canada
7/1/1915,11.79,0.898,Newfoundland And Labrador,Canada
8/1/1915,11.326,1.003,Newfoundland And Labrador,Canada
9/1/1915,7.43,1.298,Newfoundland And Labrador,Canada
10/1/1915,2.309,1.159,Newfoundland And Labrador,Canada
11/1/1915,-3.2,1.225,Newfoundland And Labrador,Canada
12/1/1915,-9.408,1.789,Newfoundland And Labrador,Canada
1/1/1916,-17.428,1.012,Newfoundland And Labrador,Canada
2/1/1916,-17.807,0.865,Newfoundland And Labrador,Canada
3/1/1916,-11.393,0.564,Newfoundland And Labrador,Canada
4/1/1916,-2.547,0.789,Newfoundland And Labrador,Canada
5/1/1916,4.112,0.793,Newfoundland And Labrador,Canada
6/1/1916,9.843,1.158,Newfoundland And Labrador,Canada
7/1/1916,13.137,0.89,Newfoundland And Labrador,Canada
8/1/1916,12.415,0.997,Newfoundland And Labrador,Canada
9/1/1916,8.356,0.866,Newfoundland And Labrador,Canada
10/1/1916,1.263,0.632,Newfoundland And Labrador,Canada
11/1/1916,-6.644,0.658,Newfoundland And Labrador,Canada
12/1/1916,-9.331,2.484,Newfoundland And Labrador,Canada
1/1/1917,-18.358,0.827,Newfoundland And Labrador,Canada
2/1/1917,-16.9,0.784,Newfoundland And Labrador,Canada
3/1/1917,-10.765,0.679,Newfoundland And Labrador,Canada
4/1/1917,-1.398,1.156,Newfoundland And Labrador,Canada
5/1/1917,2.799,0.801,Newfoundland And Labrador,Canada
6/1/1917,10.477,0.68,Newfoundland And Labrador,Canada
7/1/1917,13.15,1.034,Newfoundland And Labrador,Canada
8/1/1917,13.446,0.605,Newfoundland And Labrador,Canada
9/1/1917,7.927,0.6,Newfoundland And Labrador,Canada
10/1/1917,2.004,0.647,Newfoundland And Labrador,Canada
11/1/1917,-5.811,0.791,Newfoundland And Labrador,Canada
12/1/1917,-13.729,0.988,Newfoundland And Labrador,Canada
1/1/1918,-12.604,2.06,Newfoundland And Labrador,Canada
2/1/1918,-19.467,1.537,Newfoundland And Labrador,Canada
3/1/1918,-13.946,0.639,Newfoundland And Labrador,Canada
4/1/1918,-4.703,0.647,Newfoundland And Labrador,Canada
5/1/1918,1.515,0.563,Newfoundland And Labrador,Canada
6/1/1918,6.841,0.763,Newfoundland And Labrador,Canada
7/1/1918,11.576,1.02,Newfoundland And Labrador,Canada
8/1/1918,11.006,0.957,Newfoundland And Labrador,Canada
9/1/1918,7.571,0.714,Newfoundland And Labrador,Canada
10/1/1918,1.213,0.977,Newfoundland And Labrador,Canada
11/1/1918,-5.74,0.934,Newfoundland And Labrador,Canada
12/1/1918,-13.164,1.006,Newfoundland And Labrador,Canada
1/1/1919,-17.524,1.176,Newfoundland And Labrador,Canada
2/1/1919,-11.719,0.932,Newfoundland And Labrador,Canada
3/1/1919,-8.925,0.72,Newfoundland And Labrador,Canada
4/1/1919,-3.68,0.735,Newfoundland And Labrador,Canada
5/1/1919,2.605,0.681,Newfoundland And Labrador,Canada
6/1/1919,8.567,0.887,Newfoundland And Labrador,Canada
7/1/1919,11.735,0.869,Newfoundland And Labrador,Canada
8/1/1919,12.065,0.626,Newfoundland And Labrador,Canada
9/1/1919,7.968,0.702,Newfoundland And Labrador,Canada
10/1/1919,0.25,0.733,Newfoundland And Labrador,Canada
11/1/1919,-4.922,0.588,Newfoundland And Labrador,Canada
12/1/1919,-16.168,0.663,Newfoundland And Labrador,Canada
1/1/1920,-21.103,1.962,Newfoundland And Labrador,Canada
2/1/1920,-15.265,1.378,Newfoundland And Labrador,Canada
3/1/1920,-11.356,0.813,Newfoundland And Labrador,Canada
4/1/1920,-2.56,0.918,Newfoundland And Labrador,Canada
5/1/1920,3.354,0.94,Newfoundland And Labrador,Canada
6/1/1920,9.143,0.913,Newfoundland And Labrador,Canada
7/1/1920,12.846,1.125,Newfoundland And Labrador,Canada
8/1/1920,12.424,0.897,Newfoundland And Labrador,Canada
9/1/1920,7.636,0.745,Newfoundland And Labrador,Canada
10/1/1920,2.544,0.63,Newfoundland And Labrador,Canada
11/1/1920,-7.837,0.83,Newfoundland And Labrador,Canada
12/1/1920,-11.545,0.788,Newfoundland And Labrador,Canada
1/1/1921,-17.725,0.964,Newfoundland And Labrador,Canada
2/1/1921,-18.419,0.794,Newfoundland And Labrador,Canada
3/1/1921,-11.368,1.058,Newfoundland And Labrador,Canada
4/1/1921,-3.976,0.733,Newfoundland And Labrador,Canada
5/1/1921,4.184,0.735,Newfoundland And Labrador,Canada
6/1/1921,9.142,0.63,Newfoundland And Labrador,Canada
7/1/1921,13.6,0.826,Newfoundland And Labrador,Canada
8/1/1921,11.645,1.173,Newfoundland And Labrador,Canada
9/1/1921,7.791,0.752,Newfoundland And Labrador,Canada
10/1/1921,1.736,0.852,Newfoundland And Labrador,Canada
11/1/1921,-6.722,1.071,Newfoundland And Labrador,Canada
12/1/1921,-13.613,0.702,Newfoundland And Labrador,Canada
1/1/1922,-18.18,0.989,Newfoundland And Labrador,Canada
2/1/1922,-20.351,1.103,Newfoundland And Labrador,Canada
3/1/1922,-10.657,0.645,Newfoundland And Labrador,Canada
4/1/1922,-2.332,0.808,Newfoundland And Labrador,Canada
5/1/1922,3.2,0.724,Newfoundland And Labrador,Canada
6/1/1922,8.077,1.071,Newfoundland And Labrador,Canada
7/1/1922,12.623,1.408,Newfoundland And Labrador,Canada
8/1/1922,12.145,0.677,Newfoundland And Labrador,Canada
9/1/1922,7.175,0.512,Newfoundland And Labrador,Canada
10/1/1922,0.676,1.072,Newfoundland And Labrador,Canada
11/1/1922,-6.214,1.123,Newfoundland And Labrador,Canada
12/1/1922,-18.291,1.068,Newfoundland And Labrador,Canada
1/1/1923,-19.419,1.291,Newfoundland And Labrador,Canada
2/1/1923,-19.797,1.057,Newfoundland And Labrador,Canada
3/1/1923,-15.55,0.66,Newfoundland And Labrador,Canada
4/1/1923,-5.64,1.05,Newfoundland And Labrador,Canada
5/1/1923,3.17,0.492,Newfoundland And Labrador,Canada
6/1/1923,7.426,0.921,Newfoundland And Labrador,Canada
7/1/1923,11.85,0.606,Newfoundland And Labrador,Canada
8/1/1923,10.28,0.662,Newfoundland And Labrador,Canada
9/1/1923,7.286,0.48,Newfoundland And Labrador,Canada
10/1/1923,3.148,0.989,Newfoundland And Labrador,Canada
11/1/1923,-2.521,0.809,Newfoundland And Labrador,Canada
12/1/1923,-9.684,0.897,Newfoundland And Labrador,Canada
1/1/1924,-18.717,2.493,Newfoundland And Labrador,Canada
2/1/1924,-16.108,0.657,Newfoundland And Labrador,Canada
3/1/1924,-6.243,0.748,Newfoundland And Labrador,Canada
4/1/1924,-2.342,0.665,Newfoundland And Labrador,Canada
5/1/1924,3.91,0.787,Newfoundland And Labrador,Canada
6/1/1924,9.665,0.69,Newfoundland And Labrador,Canada
7/1/1924,12.914,0.97,Newfoundland And Labrador,Canada
8/1/1924,12.973,0.664,Newfoundland And Labrador,Canada
9/1/1924,8.591,0.658,Newfoundland And Labrador,Canada
10/1/1924,1.807,0.695,Newfoundland And Labrador,Canada
11/1/1924,-4.395,0.651,Newfoundland And Labrador,Canada
12/1/1924,-15.05,0.644,Newfoundland And Labrador,Canada
1/1/1925,-21.444,1,Newfoundland And Labrador,Canada
2/1/1925,-15.428,1.074,Newfoundland And Labrador,Canada
3/1/1925,-8.607,0.707,Newfoundland And Labrador,Canada
4/1/1925,-4.482,0.69,Newfoundland And Labrador,Canada
5/1/1925,2.976,0.639,Newfoundland And Labrador,Canada
6/1/1925,8.191,0.62,Newfoundland And Labrador,Canada
7/1/1925,12.528,0.781,Newfoundland And Labrador,Canada
8/1/1925,12.279,0.611,Newfoundland And Labrador,Canada
9/1/1925,6.757,0.55,Newfoundland And Labrador,Canada
10/1/1925,-0.121,0.778,Newfoundland And Labrador,Canada
11/1/1925,-4.882,0.702,Newfoundland And Labrador,Canada
12/1/1925,-10.679,1.023,Newfoundland And Labrador,Canada
1/1/1926,-18.698,1.043,Newfoundland And Labrador,Canada
2/1/1926,-17.368,0.692,Newfoundland And Labrador,Canada
3/1/1926,-12.375,0.533,Newfoundland And Labrador,Canada
4/1/1926,-5.679,0.909,Newfoundland And Labrador,Canada
5/1/1926,2.134,0.932,Newfoundland And Labrador,Canada
6/1/1926,8.304,0.68,Newfoundland And Labrador,Canada
7/1/1926,11.261,0.657,Newfoundland And Labrador,Canada
8/1/1926,10.86,0.609,Newfoundland And Labrador,Canada
9/1/1926,7.284,0.514,Newfoundland And Labrador,Canada
10/1/1926,2.319,0.89,Newfoundland And Labrador,Canada
11/1/1926,-5.819,0.752,Newfoundland And Labrador,Canada
12/1/1926,-13.124,0.481,Newfoundland And Labrador,Canada
1/1/1927,-15.786,1.622,Newfoundland And Labrador,Canada
2/1/1927,-18.728,0.712,Newfoundland And Labrador,Canada
3/1/1927,-10.7,1.073,Newfoundland And Labrador,Canada
4/1/1927,-3.216,1.045,Newfoundland And Labrador,Canada
5/1/1927,2.638,2.113,Newfoundland And Labrador,Canada
6/1/1927,7.638,0.879,Newfoundland And Labrador,Canada
7/1/1927,12.927,1.304,Newfoundland And Labrador,Canada
8/1/1927,12.379,0.843,Newfoundland And Labrador,Canada
9/1/1927,8.359,1.423,Newfoundland And Labrador,Canada
10/1/1927,2.426,0.688,Newfoundland And Labrador,Canada
11/1/1927,-4.47,0.86,Newfoundland And Labrador,Canada
12/1/1927,-11.859,0.58,Newfoundland And Labrador,Canada
1/1/1928,-19.205,0.876,Newfoundland And Labrador,Canada
2/1/1928,-18.546,0.705,Newfoundland And Labrador,Canada
3/1/1928,-10.836,0.783,Newfoundland And Labrador,Canada
4/1/1928,-3.755,0.638,Newfoundland And Labrador,Canada
5/1/1928,4.048,1.668,Newfoundland And Labrador,Canada
6/1/1928,8.806,0.787,Newfoundland And Labrador,Canada
7/1/1928,13.158,0.927,Newfoundland And Labrador,Canada
8/1/1928,13.076,0.818,Newfoundland And Labrador,Canada
9/1/1928,8.02,0.747,Newfoundland And Labrador,Canada
10/1/1928,1.546,0.756,Newfoundland And Labrador,Canada
11/1/1928,-6.168,0.506,Newfoundland And Labrador,Canada
12/1/1928,-10.804,0.819,Newfoundland And Labrador,Canada
1/1/1929,-15.023,1.678,Newfoundland And Labrador,Canada
2/1/1929,-17.091,1.207,Newfoundland And Labrador,Canada
3/1/1929,-12.1,1.919,Newfoundland And Labrador,Canada
4/1/1929,-5.262,0.63,Newfoundland And Labrador,Canada
5/1/1929,1.973,0.585,Newfoundland And Labrador,Canada
6/1/1929,7.786,0.59,Newfoundland And Labrador,Canada
7/1/1929,11.904,0.706,Newfoundland And Labrador,Canada
8/1/1929,12.036,0.396,Newfoundland And Labrador,Canada
9/1/1929,7.395,0.463,Newfoundland And Labrador,Canada
10/1/1929,2.047,0.699,Newfoundland And Labrador,Canada
11/1/1929,-6.262,0.776,Newfoundland And Labrador,Canada
12/1/1929,-17.871,1.248,Newfoundland And Labrador,Canada
1/1/1930,-20.609,2.317,Newfoundland And Labrador,Canada
2/1/1930,-17.664,0.57,Newfoundland And Labrador,Canada
3/1/1930,-7.917,1.012,Newfoundland And Labrador,Canada
4/1/1930,-3.859,0.402,Newfoundland And Labrador,Canada
5/1/1930,3.382,0.595,Newfoundland And Labrador,Canada
6/1/1930,10.668,0.73,Newfoundland And Labrador,Canada
7/1/1930,13.782,0.504,Newfoundland And Labrador,Canada
8/1/1930,12.476,0.614,Newfoundland And Labrador,Canada
9/1/1930,8.299,0.58,Newfoundland And Labrador,Canada
10/1/1930,2.77,1.434,Newfoundland And Labrador,Canada
11/1/1930,-3.493,0.886,Newfoundland And Labrador,Canada
12/1/1930,-12.379,0.473,Newfoundland And Labrador,Canada
1/1/1931,-15.721,0.584,Newfoundland And Labrador,Canada
2/1/1931,-13.692,0.573,Newfoundland And Labrador,Canada
3/1/1931,-6.706,0.752,Newfoundland And Labrador,Canada
4/1/1931,-2.069,0.671,Newfoundland And Labrador,Canada
5/1/1931,3.977,0.621,Newfoundland And Labrador,Canada
6/1/1931,9.561,0.467,Newfoundland And Labrador,Canada
7/1/1931,13.812,0.742,Newfoundland And Labrador,Canada
8/1/1931,12.594,0.632,Newfoundland And Labrador,Canada
9/1/1931,7.997,0.554,Newfoundland And Labrador,Canada
10/1/1931,2.294,0.803,Newfoundland And Labrador,Canada
11/1/1931,-4.159,0.652,Newfoundland And Labrador,Canada
12/1/1931,-13.258,0.585,Newfoundland And Labrador,Canada
1/1/1932,-16.742,0.83,Newfoundland And Labrador,Canada
2/1/1932,-18.911,0.697,Newfoundland And Labrador,Canada
3/1/1932,-8.51,0.718,Newfoundland And Labrador,Canada
4/1/1932,-2.159,0.529,Newfoundland And Labrador,Canada
5/1/1932,3.952,0.482,Newfoundland And Labrador,Canada
6/1/1932,8.694,0.649,Newfoundland And Labrador,Canada
7/1/1932,12.873,0.696,Newfoundland And Labrador,Canada
8/1/1932,13.582,0.659,Newfoundland And Labrador,Canada
9/1/1932,9.892,0.612,Newfoundland And Labrador,Canada
10/1/1932,3.43,0.547,Newfoundland And Labrador,Canada
11/1/1932,-6.092,0.763,Newfoundland And Labrador,Canada
12/1/1932,-14.054,0.698,Newfoundland And Labrador,Canada
1/1/1933,-17.213,1.544,Newfoundland And Labrador,Canada
2/1/1933,-13.252,0.983,Newfoundland And Labrador,Canada
3/1/1933,-9.988,0.739,Newfoundland And Labrador,Canada
4/1/1933,-2.29,0.762,Newfoundland And Labrador,Canada
5/1/1933,2.03,0.573,Newfoundland And Labrador,Canada
6/1/1933,7.97,0.769,Newfoundland And Labrador,Canada
7/1/1933,13.065,0.692,Newfoundland And Labrador,Canada
8/1/1933,12.181,0.737,Newfoundland And Labrador,Canada
9/1/1933,7.8,0.606,Newfoundland And Labrador,Canada
10/1/1933,2.251,0.574,Newfoundland And Labrador,Canada
11/1/1933,-9.194,0.748,Newfoundland And Labrador,Canada
12/1/1933,-18.696,1.158,Newfoundland And Labrador,Canada
1/1/1934,-19.964,0.996,Newfoundland And Labrador,Canada
2/1/1934,-19.329,1.179,Newfoundland And Labrador,Canada
3/1/1934,-13.481,1.193,Newfoundland And Labrador,Canada
4/1/1934,-2.332,0.624,Newfoundland And Labrador,Canada
5/1/1934,1.858,0.642,Newfoundland And Labrador,Canada
6/1/1934,8.084,0.551,Newfoundland And Labrador,Canada
7/1/1934,12.532,0.527,Newfoundland And Labrador,Canada
8/1/1934,11.596,0.579,Newfoundland And Labrador,Canada
9/1/1934,9.18,0.69,Newfoundland And Labrador,Canada
10/1/1934,1.62,0.51,Newfoundland And Labrador,Canada
11/1/1934,-4.347,0.646,Newfoundland And Labrador,Canada
12/1/1934,-14.058,0.569,Newfoundland And Labrador,Canada
1/1/1935,-20.113,0.835,Newfoundland And Labrador,Canada
2/1/1935,-18.897,0.512,Newfoundland And Labrador,Canada
3/1/1935,-12.767,0.9,Newfoundland And Labrador,Canada
4/1/1935,-2.933,0.449,Newfoundland And Labrador,Canada
5/1/1935,2.096,0.664,Newfoundland And Labrador,Canada
6/1/1935,10.474,0.498,Newfoundland And Labrador,Canada
7/1/1935,12.566,0.419,Newfoundland And Labrador,Canada
8/1/1935,13.501,0.471,Newfoundland And Labrador,Canada
9/1/1935,7.375,0.643,Newfoundland And Labrador,Canada
10/1/1935,1.786,0.458,Newfoundland And Labrador,Canada
11/1/1935,-5.683,0.413,Newfoundland And Labrador,Canada
12/1/1935,-9.984,0.715,Newfoundland And Labrador,Canada
1/1/1936,-14.305,0.682,Newfoundland And Labrador,Canada
2/1/1936,-14.851,0.697,Newfoundland And Labrador,Canada
3/1/1936,-5.76,0.805,Newfoundland And Labrador,Canada
4/1/1936,-3.07,0.512,Newfoundland And Labrador,Canada
5/1/1936,1.719,0.446,Newfoundland And Labrador,Canada
6/1/1936,10.034,0.555,Newfoundland And Labrador,Canada
7/1/1936,12.706,0.557,Newfoundland And Labrador,Canada
8/1/1936,11.684,0.581,Newfoundland And Labrador,Canada
9/1/1936,7.533,0.394,Newfoundland And Labrador,Canada
10/1/1936,0.803,0.411,Newfoundland And Labrador,Canada
11/1/1936,-7.596,0.553,Newfoundland And Labrador,Canada
12/1/1936,-13.717,0.476,Newfoundland And Labrador,Canada
1/1/1937,-18.762,1.72,Newfoundland And Labrador,Canada
2/1/1937,-13.576,0.736,Newfoundland And Labrador,Canada
3/1/1937,-9.065,1.039,Newfoundland And Labrador,Canada
4/1/1937,-3.66,0.464,Newfoundland And Labrador,Canada
5/1/1937,4.021,0.613,Newfoundland And Labrador,Canada
6/1/1937,9.734,0.945,Newfoundland And Labrador,Canada
7/1/1937,13.589,0.431,Newfoundland And Labrador,Canada
8/1/1937,13.826,0.44,Newfoundland And Labrador,Canada
9/1/1937,9.104,0.39,Newfoundland And Labrador,Canada
10/1/1937,2.332,0.617,Newfoundland And Labrador,Canada
11/1/1937,-3.947,0.519,Newfoundland And Labrador,Canada
12/1/1937,-11.729,0.686,Newfoundland And Labrador,Canada
1/1/1938,-16.272,0.533,Newfoundland And Labrador,Canada
2/1/1938,-19.275,0.571,Newfoundland And Labrador,Canada
3/1/1938,-12.456,0.622,Newfoundland And Labrador,Canada
4/1/1938,-4.57,0.485,Newfoundland And Labrador,Canada
5/1/1938,3.599,0.651,Newfoundland And Labrador,Canada
6/1/1938,10.505,0.658,Newfoundland And Labrador,Canada
7/1/1938,13.339,0.442,Newfoundland And Labrador,Canada
8/1/1938,12.905,0.422,Newfoundland And Labrador,Canada
9/1/1938,8.803,0.469,Newfoundland And Labrador,Canada
10/1/1938,2.604,0.522,Newfoundland And Labrador,Canada
11/1/1938,-5.575,0.53,Newfoundland And Labrador,Canada
12/1/1938,-11.812,0.435,Newfoundland And Labrador,Canada
1/1/1939,-15.893,0.927,Newfoundland And Labrador,Canada
2/1/1939,-19.534,0.524,Newfoundland And Labrador,Canada
3/1/1939,-15.964,0.845,Newfoundland And Labrador,Canada
4/1/1939,-4.074,0.404,Newfoundland And Labrador,Canada
5/1/1939,2.079,0.654,Newfoundland And Labrador,Canada
6/1/1939,7.493,0.396,Newfoundland And Labrador,Canada
7/1/1939,13.596,0.333,Newfoundland And Labrador,Canada
8/1/1939,12.558,0.564,Newfoundland And Labrador,Canada
9/1/1939,7.763,0.43,Newfoundland And Labrador,Canada
10/1/1939,1.171,0.47,Newfoundland And Labrador,Canada
11/1/1939,-5.007,0.473,Newfoundland And Labrador,Canada
12/1/1939,-9.796,0.834,Newfoundland And Labrador,Canada
1/1/1940,-13.162,0.763,Newfoundland And Labrador,Canada
2/1/1940,-15.094,0.495,Newfoundland And Labrador,Canada
3/1/1940,-7.56,0.765,Newfoundland And Labrador,Canada
4/1/1940,-2.578,0.979,Newfoundland And Labrador,Canada
5/1/1940,3.238,0.571,Newfoundland And Labrador,Canada
6/1/1940,8.608,0.661,Newfoundland And Labrador,Canada
7/1/1940,13.127,0.366,Newfoundland And Labrador,Canada
8/1/1940,12.597,0.525,Newfoundland And Labrador,Canada
9/1/1940,8.699,0.43,Newfoundland And Labrador,Canada
10/1/1940,1.017,0.352,Newfoundland And Labrador,Canada
11/1/1940,-4.873,0.34,Newfoundland And Labrador,Canada
12/1/1940,-15.323,0.943,Newfoundland And Labrador,Canada
1/1/1941,-15.786,0.352,Newfoundland And Labrador,Canada
2/1/1941,-9.165,1.104,Newfoundland And Labrador,Canada
3/1/1941,-8.781,0.383,Newfoundland And Labrador,Canada
4/1/1941,-3.451,0.512,Newfoundland And Labrador,Canada
5/1/1941,3.35,0.4,Newfoundland And Labrador,Canada
6/1/1941,7.527,0.376,Newfoundland And Labrador,Canada
7/1/1941,12.33,0.439,Newfoundland And Labrador,Canada
8/1/1941,10.66,0.772,Newfoundland And Labrador,Canada
9/1/1941,6.019,0.769,Newfoundland And Labrador,Canada
10/1/1941,0.35,0.464,Newfoundland And Labrador,Canada
11/1/1941,-5.934,0.469,Newfoundland And Labrador,Canada
12/1/1941,-11.753,0.708,Newfoundland And Labrador,Canada
1/1/1942,-18.722,0.799,Newfoundland And Labrador,Canada
2/1/1942,-11.562,0.471,Newfoundland And Labrador,Canada
3/1/1942,-6.068,0.478,Newfoundland And Labrador,Canada
4/1/1942,-3.482,0.386,Newfoundland And Labrador,Canada
5/1/1942,4.024,0.516,Newfoundland And Labrador,Canada
6/1/1942,8.171,0.388,Newfoundland And Labrador,Canada
7/1/1942,13.918,0.454,Newfoundland And Labrador,Canada
8/1/1942,12.551,0.284,Newfoundland And Labrador,Canada
9/1/1942,8.541,0.326,Newfoundland And Labrador,Canada
10/1/1942,2.934,0.354,Newfoundland And Labrador,Canada
11/1/1942,-4.437,0.395,Newfoundland And Labrador,Canada
12/1/1942,-15.323,0.575,Newfoundland And Labrador,Canada
1/1/1943,-16.514,0.393,Newfoundland And Labrador,Canada
2/1/1943,-16.103,0.526,Newfoundland And Labrador,Canada
3/1/1943,-13.322,0.403,Newfoundland And Labrador,Canada
4/1/1943,-5.342,0.543,Newfoundland And Labrador,Canada
5/1/1943,1.873,0.265,Newfoundland And Labrador,Canada
6/1/1943,7.024,0.434,Newfoundland And Labrador,Canada
7/1/1943,12.803,0.484,Newfoundland And Labrador,Canada
8/1/1943,11.059,0.502,Newfoundland And Labrador,Canada
9/1/1943,9.694,0.446,Newfoundland And Labrador,Canada
10/1/1943,2.903,0.383,Newfoundland And Labrador,Canada
11/1/1943,-4.323,0.266,Newfoundland And Labrador,Canada
12/1/1943,-13.884,0.474,Newfoundland And Labrador,Canada
1/1/1944,-14.987,0.475,Newfoundland And Labrador,Canada
2/1/1944,-15.739,0.357,Newfoundland And Labrador,Canada
3/1/1944,-11.017,0.308,Newfoundland And Labrador,Canada
4/1/1944,-3.886,0.361,Newfoundland And Labrador,Canada
5/1/1944,2.422,0.343,Newfoundland And Labrador,Canada
6/1/1944,8.64,0.282,Newfoundland And Labrador,Canada
7/1/1944,13.175,0.356,Newfoundland And Labrador,Canada
8/1/1944,13.478,0.367,Newfoundland And Labrador,Canada
9/1/1944,9.57,0.388,Newfoundland And Labrador,Canada
10/1/1944,0.743,0.367,Newfoundland And Labrador,Canada
11/1/1944,-4.317,0.227,Newfoundland And Labrador,Canada
12/1/1944,-12.843,0.38,Newfoundland And Labrador,Canada
1/1/1945,-14.694,0.314,Newfoundland And Labrador,Canada
2/1/1945,-16.241,0.305,Newfoundland And Labrador,Canada
3/1/1945,-10.65,0.361,Newfoundland And Labrador,Canada
4/1/1945,-3.699,0.276,Newfoundland And Labrador,Canada
5/1/1945,3.368,0.334,Newfoundland And Labrador,Canada
6/1/1945,8.337,0.456,Newfoundland And Labrador,Canada
7/1/1945,13.073,0.311,Newfoundland And Labrador,Canada
8/1/1945,13.038,0.37,Newfoundland And Labrador,Canada
9/1/1945,7.488,0.307,Newfoundland And Labrador,Canada
10/1/1945,1.702,0.383,Newfoundland And Labrador,Canada
11/1/1945,-5.046,0.353,Newfoundland And Labrador,Canada
12/1/1945,-12.914,0.323,Newfoundland And Labrador,Canada
1/1/1946,-19.692,0.334,Newfoundland And Labrador,Canada
2/1/1946,-16.954,0.361,Newfoundland And Labrador,Canada
3/1/1946,-9.433,0.505,Newfoundland And Labrador,Canada
4/1/1946,-3.692,0.469,Newfoundland And Labrador,Canada
5/1/1946,2.625,0.371,Newfoundland And Labrador,Canada
6/1/1946,7.825,0.492,Newfoundland And Labrador,Canada
7/1/1946,12.618,0.512,Newfoundland And Labrador,Canada
8/1/1946,13.881,0.471,Newfoundland And Labrador,Canada
9/1/1946,10.074,0.59,Newfoundland And Labrador,Canada
10/1/1946,2.39,0.364,Newfoundland And Labrador,Canada
11/1/1946,-6.254,0.354,Newfoundland And Labrador,Canada
12/1/1946,-14.211,0.311,Newfoundland And Labrador,Canada
1/1/1947,-18.207,0.289,Newfoundland And Labrador,Canada
2/1/1947,-8.008,0.905,Newfoundland And Labrador,Canada
3/1/1947,-7.923,0.35,Newfoundland And Labrador,Canada
4/1/1947,-7.055,0.328,Newfoundland And Labrador,Canada
5/1/1947,1.622,0.332,Newfoundland And Labrador,Canada
6/1/1947,8.528,0.355,Newfoundland And Labrador,Canada
7/1/1947,14.314,0.429,Newfoundland And Labrador,Canada
8/1/1947,11.749,0.35,Newfoundland And Labrador,Canada
9/1/1947,7.361,0.356,Newfoundland And Labrador,Canada
10/1/1947,2.735,0.313,Newfoundland And Labrador,Canada
11/1/1947,-2.771,0.388,Newfoundland And Labrador,Canada
12/1/1947,-9.513,0.417,Newfoundland And Labrador,Canada
1/1/1948,-15.661,0.381,Newfoundland And Labrador,Canada
2/1/1948,-19.364,0.296,Newfoundland And Labrador,Canada
3/1/1948,-14.736,0.556,Newfoundland And Labrador,Canada
4/1/1948,-5.334,0.458,Newfoundland And Labrador,Canada
5/1/1948,3.733,0.64,Newfoundland And Labrador,Canada
6/1/1948,8.35,0.598,Newfoundland And Labrador,Canada
7/1/1948,12.735,0.299,Newfoundland And Labrador,Canada
8/1/1948,12.737,0.328,Newfoundland And Labrador,Canada
9/1/1948,8.273,0.339,Newfoundland And Labrador,Canada
10/1/1948,3.238,0.385,Newfoundland And Labrador,Canada
11/1/1948,-2.666,0.254,Newfoundland And Labrador,Canada
12/1/1948,-11.317,0.338,Newfoundland And Labrador,Canada
1/1/1949,-15.917,0.368,Newfoundland And Labrador,Canada
2/1/1949,-18.518,0.354,Newfoundland And Labrador,Canada
3/1/1949,-9.116,0.29,Newfoundland And Labrador,Canada
4/1/1949,-3.571,0.329,Newfoundland And Labrador,Canada
5/1/1949,1.925,0.261,Newfoundland And Labrador,Canada
6/1/1949,9.019,0.337,Newfoundland And Labrador,Canada
7/1/1949,13.102,0.416,Newfoundland And Labrador,Canada
8/1/1949,11.291,0.303,Newfoundland And Labrador,Canada
9/1/1949,7.918,0.386,Newfoundland And Labrador,Canada
10/1/1949,2.139,0.31,Newfoundland And Labrador,Canada
11/1/1949,-6.292,0.322,Newfoundland And Labrador,Canada
12/1/1949,-11.374,0.359,Newfoundland And Labrador,Canada
1/1/1950,-20.389,0.286,Newfoundland And Labrador,Canada
2/1/1950,-19.863,0.336,Newfoundland And Labrador,Canada
3/1/1950,-10.947,0.308,Newfoundland And Labrador,Canada
4/1/1950,-3.218,0.342,Newfoundland And Labrador,Canada
5/1/1950,3.827,0.221,Newfoundland And Labrador,Canada
6/1/1950,9.221,0.361,Newfoundland And Labrador,Canada
7/1/1950,12.399,0.345,Newfoundland And Labrador,Canada
8/1/1950,12.377,0.369,Newfoundland And Labrador,Canada
9/1/1950,6.963,0.4,Newfoundland And Labrador,Canada
10/1/1950,0.948,0.363,Newfoundland And Labrador,Canada
11/1/1950,-3.446,0.417,Newfoundland And Labrador,Canada
12/1/1950,-8.775,0.335,Newfoundland And Labrador,Canada
1/1/1951,-15.923,0.358,Newfoundland And Labrador,Canada
2/1/1951,-12.698,0.466,Newfoundland And Labrador,Canada
3/1/1951,-6.833,0.327,Newfoundland And Labrador,Canada
4/1/1951,0.466,0.348,Newfoundland And Labrador,Canada
5/1/1951,3.277,0.364,Newfoundland And Labrador,Canada
6/1/1951,10.109,0.383,Newfoundland And Labrador,Canada
7/1/1951,13.694,0.323,Newfoundland And Labrador,Canada
8/1/1951,13.192,0.26,Newfoundland And Labrador,Canada
9/1/1951,8.624,0.417,Newfoundland And Labrador,Canada
10/1/1951,1.264,0.316,Newfoundland And Labrador,Canada
11/1/1951,-5.211,0.369,Newfoundland And Labrador,Canada
12/1/1951,-14.18,0.381,Newfoundland And Labrador,Canada
1/1/1952,-16.313,0.25,Newfoundland And Labrador,Canada
2/1/1952,-13.233,0.321,Newfoundland And Labrador,Canada
3/1/1952,-6.927,0.229,Newfoundland And Labrador,Canada
4/1/1952,-2.463,0.354,Newfoundland And Labrador,Canada
5/1/1952,4.562,0.586,Newfoundland And Labrador,Canada
6/1/1952,9.407,0.309,Newfoundland And Labrador,Canada
7/1/1952,14.977,0.24,Newfoundland And Labrador,Canada
8/1/1952,13.61,0.219,Newfoundland And Labrador,Canada
9/1/1952,8.325,0.283,Newfoundland And Labrador,Canada
10/1/1952,1.003,0.228,Newfoundland And Labrador,Canada
11/1/1952,-4.202,0.295,Newfoundland And Labrador,Canada
12/1/1952,-9.111,0.474,Newfoundland And Labrador,Canada
1/1/1953,-15.48,0.278,Newfoundland And Labrador,Canada
2/1/1953,-13.686,0.306,Newfoundland And Labrador,Canada
3/1/1953,-9.544,0.52,Newfoundland And Labrador,Canada
4/1/1953,1.186,0.547,Newfoundland And Labrador,Canada
5/1/1953,3.147,0.285,Newfoundland And Labrador,Canada
6/1/1953,8.962,0.253,Newfoundland And Labrador,Canada
7/1/1953,13.652,0.275,Newfoundland And Labrador,Canada
8/1/1953,11.661,0.263,Newfoundland And Labrador,Canada
9/1/1953,7.846,0.261,Newfoundland And Labrador,Canada
10/1/1953,1.602,0.34,Newfoundland And Labrador,Canada
11/1/1953,-3.53,0.301,Newfoundland And Labrador,Canada
12/1/1953,-13.26,0.476,Newfoundland And Labrador,Canada
1/1/1954,-19.546,0.329,Newfoundland And Labrador,Canada
2/1/1954,-12.317,0.502,Newfoundland And Labrador,Canada
3/1/1954,-8.283,0.255,Newfoundland And Labrador,Canada
4/1/1954,-6.532,0.303,Newfoundland And Labrador,Canada
5/1/1954,3.523,0.281,Newfoundland And Labrador,Canada
6/1/1954,10.863,0.493,Newfoundland And Labrador,Canada
7/1/1954,12.737,0.339,Newfoundland And Labrador,Canada
8/1/1954,11.697,0.254,Newfoundland And Labrador,Canada
9/1/1954,8.38,0.4,Newfoundland And Labrador,Canada
10/1/1954,1.855,0.273,Newfoundland And Labrador,Canada
11/1/1954,-5.732,0.313,Newfoundland And Labrador,Canada
12/1/1954,-10.775,0.258,Newfoundland And Labrador,Canada
1/1/1955,-11.323,0.549,Newfoundland And Labrador,Canada
2/1/1955,-13.598,0.451,Newfoundland And Labrador,Canada
3/1/1955,-9.959,0.204,Newfoundland And Labrador,Canada
4/1/1955,-4.065,0.266,Newfoundland And Labrador,Canada
5/1/1955,3.662,0.262,Newfoundland And Labrador,Canada
6/1/1955,10.113,0.277,Newfoundland And Labrador,Canada
7/1/1955,12.954,0.224,Newfoundland And Labrador,Canada
8/1/1955,12.798,0.285,Newfoundland And Labrador,Canada
9/1/1955,7.588,0.215,Newfoundland And Labrador,Canada
10/1/1955,2.718,0.256,Newfoundland And Labrador,Canada
11/1/1955,-2.189,0.296,Newfoundland And Labrador,Canada
12/1/1955,-10.733,0.404,Newfoundland And Labrador,Canada
1/1/1956,-9.813,0.223,Newfoundland And Labrador,Canada
2/1/1956,-14.233,0.318,Newfoundland And Labrador,Canada
3/1/1956,-11.807,0.408,Newfoundland And Labrador,Canada
4/1/1956,-2.572,0.411,Newfoundland And Labrador,Canada
5/1/1956,0.261,0.401,Newfoundland And Labrador,Canada
6/1/1956,6.818,0.335,Newfoundland And Labrador,Canada
7/1/1956,12.149,0.377,Newfoundland And Labrador,Canada
8/1/1956,11.343,0.408,Newfoundland And Labrador,Canada
9/1/1956,7.063,0.402,Newfoundland And Labrador,Canada
10/1/1956,2.628,0.34,Newfoundland And Labrador,Canada
11/1/1956,-4.87,0.412,Newfoundland And Labrador,Canada
12/1/1956,-16.945,0.457,Newfoundland And Labrador,Canada
1/1/1957,-22.93,0.38,Newfoundland And Labrador,Canada
2/1/1957,-15.786,0.553,Newfoundland And Labrador,Canada
3/1/1957,-6.274,0.571,Newfoundland And Labrador,Canada
4/1/1957,-4.118,0.425,Newfoundland And Labrador,Canada
5/1/1957,0.669,0.436,Newfoundland And Labrador,Canada
6/1/1957,7.906,0.524,Newfoundland And Labrador,Canada
7/1/1957,12.453,0.81,Newfoundland And Labrador,Canada
8/1/1957,11.939,0.977,Newfoundland And Labrador,Canada
9/1/1957,7.994,0.583,Newfoundland And Labrador,Canada
10/1/1957,2.19,0.509,Newfoundland And Labrador,Canada
11/1/1957,-4.236,0.366,Newfoundland And Labrador,Canada
12/1/1957,-9.547,0.409,Newfoundland And Labrador,Canada
1/1/1958,-10.536,0.555,Newfoundland And Labrador,Canada
2/1/1958,-9.25,0.666,Newfoundland And Labrador,Canada
3/1/1958,-5.224,0.32,Newfoundland And Labrador,Canada
4/1/1958,-2.289,0.317,Newfoundland And Labrador,Canada
5/1/1958,4.936,0.579,Newfoundland And Labrador,Canada
6/1/1958,7.915,0.48,Newfoundland And Labrador,Canada
7/1/1958,12.558,0.448,Newfoundland And Labrador,Canada
8/1/1958,11.775,0.418,Newfoundland And Labrador,Canada
9/1/1958,7.5,0.284,Newfoundland And Labrador,Canada
10/1/1958,0.425,0.215,Newfoundland And Labrador,Canada
11/1/1958,-5.245,0.229,Newfoundland And Labrador,Canada
12/1/1958,-15.175,0.395,Newfoundland And Labrador,Canada
1/1/1959,-12.487,0.482,Newfoundland And Labrador,Canada
2/1/1959,-20.005,0.314,Newfoundland And Labrador,Canada
3/1/1959,-12.893,0.348,Newfoundland And Labrador,Canada
4/1/1959,-2.93,0.483,Newfoundland And Labrador,Canada
5/1/1959,3.611,0.232,Newfoundland And Labrador,Canada
6/1/1959,8.627,0.449,Newfoundland And Labrador,Canada
7/1/1959,14.779,0.457,Newfoundland And Labrador,Canada
8/1/1959,12.73,0.27,Newfoundland And Labrador,Canada
9/1/1959,8.181,0.294,Newfoundland And Labrador,Canada
10/1/1959,0.983,0.327,Newfoundland And Labrador,Canada
11/1/1959,-5.059,0.336,Newfoundland And Labrador,Canada
12/1/1959,-11.611,0.303,Newfoundland And Labrador,Canada
1/1/1960,-13.52,0.548,Newfoundland And Labrador,Canada
2/1/1960,-6.764,0.537,Newfoundland And Labrador,Canada
3/1/1960,-11.563,0.417,Newfoundland And Labrador,Canada
4/1/1960,-4.742,0.244,Newfoundland And Labrador,Canada
5/1/1960,4.684,0.321,Newfoundland And Labrador,Canada
6/1/1960,10.266,0.436,Newfoundland And Labrador,Canada
7/1/1960,12.895,0.433,Newfoundland And Labrador,Canada
8/1/1960,12.782,0.413,Newfoundland And Labrador,Canada
9/1/1960,8.081,0.292,Newfoundland And Labrador,Canada
10/1/1960,2.286,0.336,Newfoundland And Labrador,Canada
11/1/1960,-4.175,0.428,Newfoundland And Labrador,Canada
12/1/1960,-12.035,0.285,Newfoundland And Labrador,Canada
1/1/1961,-17.941,0.321,Newfoundland And Labrador,Canada
2/1/1961,-18.574,0.579,Newfoundland And Labrador,Canada
3/1/1961,-11.565,0.343,Newfoundland And Labrador,Canada
4/1/1961,-1.099,0.454,Newfoundland And Labrador,Canada
5/1/1961,3.442,0.45,Newfoundland And Labrador,Canada
6/1/1961,9.105,0.483,Newfoundland And Labrador,Canada
7/1/1961,12.593,0.35,Newfoundland And Labrador,Canada
8/1/1961,12.94,0.233,Newfoundland And Labrador,Canada
9/1/1961,9.007,0.293,Newfoundland And Labrador,Canada
10/1/1961,2.687,0.255,Newfoundland And Labrador,Canada
11/1/1961,-1.809,0.317,Newfoundland And Labrador,Canada
12/1/1961,-7.03,0.398,Newfoundland And Labrador,Canada
1/1/1962,-18.381,0.324,Newfoundland And Labrador,Canada
2/1/1962,-19.246,0.347,Newfoundland And Labrador,Canada
3/1/1962,-4.536,0.492,Newfoundland And Labrador,Canada
4/1/1962,-5.61,0.665,Newfoundland And Labrador,Canada
5/1/1962,2.344,0.575,Newfoundland And Labrador,Canada
6/1/1962,7.788,0.517,Newfoundland And Labrador,Canada
7/1/1962,11.409,0.353,Newfoundland And Labrador,Canada
8/1/1962,12.535,0.539,Newfoundland And Labrador,Canada
9/1/1962,7.59,0.295,Newfoundland And Labrador,Canada
10/1/1962,2.064,0.368,Newfoundland And Labrador,Canada
11/1/1962,-3.957,0.322,Newfoundland And Labrador,Canada
12/1/1962,-12.533,0.302,Newfoundland And Labrador,Canada
1/1/1963,-13.95,0.71,Newfoundland And Labrador,Canada
2/1/1963,-15.881,0.615,Newfoundland And Labrador,Canada
3/1/1963,-12.159,0.456,Newfoundland And Labrador,Canada
4/1/1963,-2.509,0.391,Newfoundland And Labrador,Canada
5/1/1963,3.056,0.47,Newfoundland And Labrador,Canada
6/1/1963,7.36,0.495,Newfoundland And Labrador,Canada
7/1/1963,12.464,0.283,Newfoundland And Labrador,Canada
8/1/1963,11.388,0.299,Newfoundland And Labrador,Canada
9/1/1963,6.469,0.254,Newfoundland And Labrador,Canada
10/1/1963,1.984,0.321,Newfoundland And Labrador,Canada
11/1/1963,-2.695,0.404,Newfoundland And Labrador,Canada
12/1/1963,-13.423,0.394,Newfoundland And Labrador,Canada
1/1/1964,-16.535,0.343,Newfoundland And Labrador,Canada
2/1/1964,-13.196,0.33,Newfoundland And Labrador,Canada
3/1/1964,-13.245,0.311,Newfoundland And Labrador,Canada
4/1/1964,-3.847,0.526,Newfoundland And Labrador,Canada
5/1/1964,2.367,0.336,Newfoundland And Labrador,Canada
6/1/1964,7.542,0.464,Newfoundland And Labrador,Canada
7/1/1964,12.559,0.345,Newfoundland And Labrador,Canada
8/1/1964,11.179,0.49,Newfoundland And Labrador,Canada
9/1/1964,7.502,0.378,Newfoundland And Labrador,Canada
10/1/1964,0.628,0.358,Newfoundland And Labrador,Canada
11/1/1964,-5.421,0.291,Newfoundland And Labrador,Canada
12/1/1964,-12.682,0.398,Newfoundland And Labrador,Canada
1/1/1965,-16.4,0.461,Newfoundland And Labrador,Canada
2/1/1965,-14.971,0.331,Newfoundland And Labrador,Canada
3/1/1965,-8.435,0.499,Newfoundland And Labrador,Canada
4/1/1965,-4.628,0.522,Newfoundland And Labrador,Canada
5/1/1965,2.563,0.476,Newfoundland And Labrador,Canada
6/1/1965,8.362,0.622,Newfoundland And Labrador,Canada
7/1/1965,11.857,0.379,Newfoundland And Labrador,Canada
8/1/1965,11.386,0.246,Newfoundland And Labrador,Canada
9/1/1965,7.164,0.371,Newfoundland And Labrador,Canada
10/1/1965,-0.28,0.296,Newfoundland And Labrador,Canada
11/1/1965,-6.26,0.338,Newfoundland And Labrador,Canada
12/1/1965,-12.813,0.335,Newfoundland And Labrador,Canada
1/1/1966,-11.322,0.268,Newfoundland And Labrador,Canada
2/1/1966,-13.1,0.385,Newfoundland And Labrador,Canada
3/1/1966,-6.514,0.725,Newfoundland And Labrador,Canada
4/1/1966,-1.777,0.298,Newfoundland And Labrador,Canada
5/1/1966,2.249,0.383,Newfoundland And Labrador,Canada
6/1/1966,8.771,0.315,Newfoundland And Labrador,Canada
7/1/1966,12.562,0.324,Newfoundland And Labrador,Canada
8/1/1966,12.196,0.418,Newfoundland And Labrador,Canada
9/1/1966,7.927,0.345,Newfoundland And Labrador,Canada
10/1/1966,2.333,0.339,Newfoundland And Labrador,Canada
11/1/1966,-2.789,0.255,Newfoundland And Labrador,Canada
12/1/1966,-10.548,0.258,Newfoundland And Labrador,Canada
1/1/1967,-16.752,0.396,Newfoundland And Labrador,Canada
2/1/1967,-18.137,0.31,Newfoundland And Labrador,Canada
3/1/1967,-14.056,0.47,Newfoundland And Labrador,Canada
4/1/1967,-6.617,0.656,Newfoundland And Labrador,Canada
5/1/1967,2.729,0.278,Newfoundland And Labrador,Canada
6/1/1967,10.171,0.348,Newfoundland And Labrador,Canada
7/1/1967,14.294,0.301,Newfoundland And Labrador,Canada
8/1/1967,14.268,0.484,Newfoundland And Labrador,Canada
9/1/1967,8.409,0.323,Newfoundland And Labrador,Canada
10/1/1967,2.463,0.292,Newfoundland And Labrador,Canada
11/1/1967,-3.113,0.291,Newfoundland And Labrador,Canada
12/1/1967,-10.149,0.448,Newfoundland And Labrador,Canada
1/1/1968,-16.528,0.427,Newfoundland And Labrador,Canada
2/1/1968,-12.981,0.316,Newfoundland And Labrador,Canada
3/1/1968,-11.462,0.244,Newfoundland And Labrador,Canada
4/1/1968,-1.941,0.293,Newfoundland And Labrador,Canada
5/1/1968,2.742,0.395,Newfoundland And Labrador,Canada
6/1/1968,7.467,0.491,Newfoundland And Labrador,Canada
7/1/1968,12.188,0.327,Newfoundland And Labrador,Canada
8/1/1968,9.72,0.311,Newfoundland And Labrador,Canada
9/1/1968,9.66,0.288,Newfoundland And Labrador,Canada
10/1/1968,3.916,0.339,Newfoundland And Labrador,Canada
11/1/1968,-5.156,0.237,Newfoundland And Labrador,Canada
12/1/1968,-9.331,0.347,Newfoundland And Labrador,Canada
1/1/1969,-10.896,0.368,Newfoundland And Labrador,Canada
2/1/1969,-9.522,0.592,Newfoundland And Labrador,Canada
3/1/1969,-7.695,0.33,Newfoundland And Labrador,Canada
4/1/1969,-8.087,0.483,Newfoundland And Labrador,Canada
5/1/1969,2.191,0.33,Newfoundland And Labrador,Canada
6/1/1969,8.79,0.356,Newfoundland And Labrador,Canada
7/1/1969,12.415,0.377,Newfoundland And Labrador,Canada
8/1/1969,12.092,0.314,Newfoundland And Labrador,Canada
9/1/1969,5.898,0.282,Newfoundland And Labrador,Canada
10/1/1969,-0.63,0.363,Newfoundland And Labrador,Canada
11/1/1969,-1.639,0.262,Newfoundland And Labrador,Canada
12/1/1969,-7.866,0.473,Newfoundland And Labrador,Canada
1/1/1970,-15.964,0.39,Newfoundland And Labrador,Canada
2/1/1970,-14.838,0.546,Newfoundland And Labrador,Canada
3/1/1970,-8.094,0.426,Newfoundland And Labrador,Canada
4/1/1970,-4.635,0.601,Newfoundland And Labrador,Canada
5/1/1970,2.012,0.298,Newfoundland And Labrador,Canada
6/1/1970,7.78,0.325,Newfoundland And Labrador,Canada
7/1/1970,13.48,0.259,Newfoundland And Labrador,Canada
8/1/1970,13.33,0.308,Newfoundland And Labrador,Canada
9/1/1970,6.892,0.263,Newfoundland And Labrador,Canada
10/1/1970,2.869,0.199,Newfoundland And Labrador,Canada
11/1/1970,-4.134,0.504,Newfoundland And Labrador,Canada
12/1/1970,-14.751,0.363,Newfoundland And Labrador,Canada
1/1/1971,-15.259,0.508,Newfoundland And Labrador,Canada
2/1/1971,-15.895,0.583,Newfoundland And Labrador,Canada
3/1/1971,-7.625,0.353,Newfoundland And Labrador,Canada
4/1/1971,-1.858,0.387,Newfoundland And Labrador,Canada
5/1/1971,3.851,0.339,Newfoundland And Labrador,Canada
6/1/1971,8.065,0.363,Newfoundland And Labrador,Canada
7/1/1971,12.744,0.314,Newfoundland And Labrador,Canada
8/1/1971,12.125,0.287,Newfoundland And Labrador,Canada
9/1/1971,7.842,0.229,Newfoundland And Labrador,Canada
10/1/1971,1.984,0.259,Newfoundland And Labrador,Canada
11/1/1971,-4.379,0.249,Newfoundland And Labrador,Canada
12/1/1971,-16.804,0.724,Newfoundland And Labrador,Canada
1/1/1972,-19.287,0.376,Newfoundland And Labrador,Canada
2/1/1972,-19.441,0.28,Newfoundland And Labrador,Canada
3/1/1972,-13.631,0.209,Newfoundland And Labrador,Canada
4/1/1972,-5.805,0.512,Newfoundland And Labrador,Canada
5/1/1972,-0.254,0.424,Newfoundland And Labrador,Canada
6/1/1972,8.033,0.283,Newfoundland And Labrador,Canada
7/1/1972,12.718,0.264,Newfoundland And Labrador,Canada
8/1/1972,10.924,0.374,Newfoundland And Labrador,Canada
9/1/1972,6.637,0.285,Newfoundland And Labrador,Canada
10/1/1972,-0.629,0.424,Newfoundland And Labrador,Canada
11/1/1972,-6.966,0.453,Newfoundland And Labrador,Canada
12/1/1972,-19.897,0.341,Newfoundland And Labrador,Canada
1/1/1973,-17.772,0.239,Newfoundland And Labrador,Canada
2/1/1973,-16.779,0.475,Newfoundland And Labrador,Canada
3/1/1973,-9.681,0.412,Newfoundland And Labrador,Canada
4/1/1973,-3.172,0.282,Newfoundland And Labrador,Canada
5/1/1973,4.128,0.338,Newfoundland And Labrador,Canada
6/1/1973,9.689,0.338,Newfoundland And Labrador,Canada
7/1/1973,14.828,0.253,Newfoundland And Labrador,Canada
8/1/1973,12.622,0.326,Newfoundland And Labrador,Canada
9/1/1973,7.892,0.269,Newfoundland And Labrador,Canada
10/1/1973,1.642,0.339,Newfoundland And Labrador,Canada
11/1/1973,-4.372,0.247,Newfoundland And Labrador,Canada
12/1/1973,-8.645,0.311,Newfoundland And Labrador,Canada
1/1/1974,-21.999,0.373,Newfoundland And Labrador,Canada
2/1/1974,-15.478,0.314,Newfoundland And Labrador,Canada
3/1/1974,-13.477,0.328,Newfoundland And Labrador,Canada
4/1/1974,-6.028,0.349,Newfoundland And Labrador,Canada
5/1/1974,1.559,0.386,Newfoundland And Labrador,Canada
6/1/1974,9.521,0.374,Newfoundland And Labrador,Canada
7/1/1974,12.294,0.264,Newfoundland And Labrador,Canada
8/1/1974,11.922,0.339,Newfoundland And Labrador,Canada
9/1/1974,7.157,0.303,Newfoundland And Labrador,Canada
10/1/1974,-0.77,0.278,Newfoundland And Labrador,Canada
11/1/1974,-4.788,0.37,Newfoundland And Labrador,Canada
12/1/1974,-11.519,0.289,Newfoundland And Labrador,Canada
1/1/1975,-20.235,0.527,Newfoundland And Labrador,Canada
2/1/1975,-18.292,0.52,Newfoundland And Labrador,Canada
3/1/1975,-10.237,0.255,Newfoundland And Labrador,Canada
4/1/1975,-4.894,0.358,Newfoundland And Labrador,Canada
5/1/1975,2.312,0.448,Newfoundland And Labrador,Canada
6/1/1975,8.826,0.328,Newfoundland And Labrador,Canada
7/1/1975,14.975,0.544,Newfoundland And Labrador,Canada
8/1/1975,12.223,0.36,Newfoundland And Labrador,Canada
9/1/1975,8.6,0.295,Newfoundland And Labrador,Canada
10/1/1975,1.852,0.258,Newfoundland And Labrador,Canada
11/1/1975,-4.928,0.267,Newfoundland And Labrador,Canada
12/1/1975,-14.594,0.454,Newfoundland And Labrador,Canada
1/1/1976,-16.993,0.367,Newfoundland And Labrador,Canada
2/1/1976,-17.467,0.368,Newfoundland And Labrador,Canada
3/1/1976,-13.354,0.354,Newfoundland And Labrador,Canada
4/1/1976,-3.511,0.366,Newfoundland And Labrador,Canada
5/1/1976,4.016,0.357,Newfoundland And Labrador,Canada
6/1/1976,9.075,0.335,Newfoundland And Labrador,Canada
7/1/1976,13.009,0.575,Newfoundland And Labrador,Canada
8/1/1976,11.95,0.258,Newfoundland And Labrador,Canada
9/1/1976,7.285,0.363,Newfoundland And Labrador,Canada
10/1/1976,0.257,0.39,Newfoundland And Labrador,Canada
11/1/1976,-5.737,0.336,Newfoundland And Labrador,Canada
12/1/1976,-14.588,0.474,Newfoundland And Labrador,Canada
1/1/1977,-13.332,0.397,Newfoundland And Labrador,Canada
2/1/1977,-14.564,0.603,Newfoundland And Labrador,Canada
3/1/1977,-6.258,0.376,Newfoundland And Labrador,Canada
4/1/1977,-4.062,0.3,Newfoundland And Labrador,Canada
5/1/1977,2.48,0.3,Newfoundland And Labrador,Canada
6/1/1977,9.73,0.287,Newfoundland And Labrador,Canada
7/1/1977,12.179,0.357,Newfoundland And Labrador,Canada
8/1/1977,11.823,0.43,Newfoundland And Labrador,Canada
9/1/1977,6.049,0.467,Newfoundland And Labrador,Canada
10/1/1977,1.925,0.294,Newfoundland And Labrador,Canada
11/1/1977,-1.564,0.319,Newfoundland And Labrador,Canada
12/1/1977,-12.463,0.532,Newfoundland And Labrador,Canada
1/1/1978,-17.191,0.333,Newfoundland And Labrador,Canada
2/1/1978,-10.978,0.399,Newfoundland And Labrador,Canada
3/1/1978,-13.559,0.291,Newfoundland And Labrador,Canada
4/1/1978,-4.193,0.373,Newfoundland And Labrador,Canada
5/1/1978,2.805,0.355,Newfoundland And Labrador,Canada
6/1/1978,8.038,0.295,Newfoundland And Labrador,Canada
7/1/1978,12.82,0.323,Newfoundland And Labrador,Canada
8/1/1978,11.631,0.307,Newfoundland And Labrador,Canada
9/1/1978,5.368,0.249,Newfoundland And Labrador,Canada
10/1/1978,-0.022,0.263,Newfoundland And Labrador,Canada
11/1/1978,-8.173,0.36,Newfoundland And Labrador,Canada
12/1/1978,-12.169,0.296,Newfoundland And Labrador,Canada
1/1/1979,-12.716,0.256,Newfoundland And Labrador,Canada
2/1/1979,-16.398,0.417,Newfoundland And Labrador,Canada
3/1/1979,-7.723,0.399,Newfoundland And Labrador,Canada
4/1/1979,-1.795,0.404,Newfoundland And Labrador,Canada
5/1/1979,6.161,0.342,Newfoundland And Labrador,Canada
6/1/1979,10.911,0.271,Newfoundland And Labrador,Canada
7/1/1979,13.016,0.288,Newfoundland And Labrador,Canada
8/1/1979,12.026,0.293,Newfoundland And Labrador,Canada
9/1/1979,7.019,0.322,Newfoundland And Labrador,Canada
10/1/1979,1.434,0.353,Newfoundland And Labrador,Canada
11/1/1979,-4.322,0.391,Newfoundland And Labrador,Canada
12/1/1979,-11.784,0.392,Newfoundland And Labrador,Canada
1/1/1980,-13.678,0.425,Newfoundland And Labrador,Canada
2/1/1980,-14.891,0.429,Newfoundland And Labrador,Canada
3/1/1980,-8.987,0.303,Newfoundland And Labrador,Canada
4/1/1980,-2.974,0.336,Newfoundland And Labrador,Canada
5/1/1980,3.113,0.285,Newfoundland And Labrador,Canada
6/1/1980,7.99,0.374,Newfoundland And Labrador,Canada
7/1/1980,12.147,0.289,Newfoundland And Labrador,Canada
8/1/1980,12.395,0.386,Newfoundland And Labrador,Canada
9/1/1980,6.546,0.294,Newfoundland And Labrador,Canada
10/1/1980,1.138,0.291,Newfoundland And Labrador,Canada
11/1/1980,-3.848,0.475,Newfoundland And Labrador,Canada
12/1/1980,-14.737,0.494,Newfoundland And Labrador,Canada
1/1/1981,-14.563,0.412,Newfoundland And Labrador,Canada
2/1/1981,-8.713,0.486,Newfoundland And Labrador,Canada
3/1/1981,-5.138,0.343,Newfoundland And Labrador,Canada
4/1/1981,-3.527,0.371,Newfoundland And Labrador,Canada
5/1/1981,3.756,0.355,Newfoundland And Labrador,Canada
6/1/1981,8.272,0.446,Newfoundland And Labrador,Canada
7/1/1981,12.988,0.31,Newfoundland And Labrador,Canada
8/1/1981,12.307,0.329,Newfoundland And Labrador,Canada
9/1/1981,9.322,0.263,Newfoundland And Labrador,Canada
10/1/1981,2.435,0.405,Newfoundland And Labrador,Canada
11/1/1981,-3.285,0.278,Newfoundland And Labrador,Canada
12/1/1981,-8.665,0.278,Newfoundland And Labrador,Canada
1/1/1982,-15.6,0.462,Newfoundland And Labrador,Canada
2/1/1982,-18.933,0.361,Newfoundland And Labrador,Canada
3/1/1982,-12.567,0.346,Newfoundland And Labrador,Canada
4/1/1982,-5.463,0.54,Newfoundland And Labrador,Canada
5/1/1982,2.572,0.458,Newfoundland And Labrador,Canada
6/1/1982,7.734,0.543,Newfoundland And Labrador,Canada
7/1/1982,12.804,0.325,Newfoundland And Labrador,Canada
8/1/1982,11.607,0.265,Newfoundland And Labrador,Canada
9/1/1982,7.405,0.279,Newfoundland And Labrador,Canada
10/1/1982,0.363,0.289,Newfoundland And Labrador,Canada
11/1/1982,-4.716,0.37,Newfoundland And Labrador,Canada
12/1/1982,-14.614,0.55,Newfoundland And Labrador,Canada
1/1/1983,-17.345,0.474,Newfoundland And Labrador,Canada
2/1/1983,-16.22,0.391,Newfoundland And Labrador,Canada
3/1/1983,-9.751,0.329,Newfoundland And Labrador,Canada
4/1/1983,-0.554,0.288,Newfoundland And Labrador,Canada
5/1/1983,3.046,0.324,Newfoundland And Labrador,Canada
6/1/1983,9.764,0.391,Newfoundland And Labrador,Canada
7/1/1983,13.051,0.292,Newfoundland And Labrador,Canada
8/1/1983,11.485,0.253,Newfoundland And Labrador,Canada
9/1/1983,8.116,0.334,Newfoundland And Labrador,Canada
10/1/1983,1.833,0.29,Newfoundland And Labrador,Canada
11/1/1983,-4.848,0.305,Newfoundland And Labrador,Canada
12/1/1983,-14.027,0.342,Newfoundland And Labrador,Canada
1/1/1984,-20.64,0.44,Newfoundland And Labrador,Canada
2/1/1984,-13.917,0.308,Newfoundland And Labrador,Canada
3/1/1984,-10.276,0.312,Newfoundland And Labrador,Canada
4/1/1984,-4.096,0.407,Newfoundland And Labrador,Canada
5/1/1984,3.943,0.267,Newfoundland And Labrador,Canada
6/1/1984,7.503,0.352,Newfoundland And Labrador,Canada
7/1/1984,13.827,0.617,Newfoundland And Labrador,Canada
8/1/1984,13.567,0.281,Newfoundland And Labrador,Canada
9/1/1984,7.007,0.308,Newfoundland And Labrador,Canada
10/1/1984,0.862,0.291,Newfoundland And Labrador,Canada
11/1/1984,-4.411,0.277,Newfoundland And Labrador,Canada
12/1/1984,-14.576,0.463,Newfoundland And Labrador,Canada
1/1/1985,-15.287,0.592,Newfoundland And Labrador,Canada
2/1/1985,-14.519,0.326,Newfoundland And Labrador,Canada
3/1/1985,-10.961,0.328,Newfoundland And Labrador,Canada
4/1/1985,-5.325,0.474,Newfoundland And Labrador,Canada
5/1/1985,1.122,0.398,Newfoundland And Labrador,Canada
6/1/1985,9.048,0.448,Newfoundland And Labrador,Canada
7/1/1985,13.286,0.52,Newfoundland And Labrador,Canada
8/1/1985,12.397,0.412,Newfoundland And Labrador,Canada
9/1/1985,8.235,0.386,Newfoundland And Labrador,Canada
10/1/1985,0.968,0.387,Newfoundland And Labrador,Canada
11/1/1985,-5.447,0.399,Newfoundland And Labrador,Canada
12/1/1985,-13.349,0.458,Newfoundland And Labrador,Canada
1/1/1986,-14.932,0.537,Newfoundland And Labrador,Canada
2/1/1986,-14.256,0.49,Newfoundland And Labrador,Canada
3/1/1986,-13.316,0.343,Newfoundland And Labrador,Canada
4/1/1986,-1.077,0.359,Newfoundland And Labrador,Canada
5/1/1986,4.61,0.32,Newfoundland And Labrador,Canada
6/1/1986,7.094,0.237,Newfoundland And Labrador,Canada
7/1/1986,11.475,0.258,Newfoundland And Labrador,Canada
8/1/1986,12.909,0.335,Newfoundland And Labrador,Canada
9/1/1986,6.384,0.369,Newfoundland And Labrador,Canada
10/1/1986,-0.504,0.287,Newfoundland And Labrador,Canada
11/1/1986,-9.076,0.653,Newfoundland And Labrador,Canada
12/1/1986,-13.73,0.588,Newfoundland And Labrador,Canada
1/1/1987,-16.557,0.545,Newfoundland And Labrador,Canada
2/1/1987,-12.722,0.279,Newfoundland And Labrador,Canada
3/1/1987,-8.885,0.493,Newfoundland And Labrador,Canada
4/1/1987,-0.629,0.355,Newfoundland And Labrador,Canada
5/1/1987,3.674,0.26,Newfoundland And Labrador,Canada
6/1/1987,8.907,0.254,Newfoundland And Labrador,Canada
7/1/1987,13.061,0.464,Newfoundland And Labrador,Canada
8/1/1987,11.982,0.556,Newfoundland And Labrador,Canada
9/1/1987,8.221,0.202,Newfoundland And Labrador,Canada
10/1/1987,2.413,0.18,Newfoundland And Labrador,Canada
11/1/1987,-5.164,0.28,Newfoundland And Labrador,Canada
12/1/1987,-11.716,0.377,Newfoundland And Labrador,Canada
1/1/1988,-17.266,0.306,Newfoundland And Labrador,Canada
2/1/1988,-17.396,0.243,Newfoundland And Labrador,Canada
3/1/1988,-8.768,0.302,Newfoundland And Labrador,Canada
4/1/1988,-1.82,0.284,Newfoundland And Labrador,Canada
5/1/1988,4.776,0.265,Newfoundland And Labrador,Canada
6/1/1988,7.66,0.245,Newfoundland And Labrador,Canada
7/1/1988,12.854,0.209,Newfoundland And Labrador,Canada
8/1/1988,13.009,0.324,Newfoundland And Labrador,Canada
9/1/1988,7.354,0.214,Newfoundland And Labrador,Canada
10/1/1988,2.213,0.262,Newfoundland And Labrador,Canada
11/1/1988,-3.367,0.348,Newfoundland And Labrador,Canada
12/1/1988,-15.623,0.579,Newfoundland And Labrador,Canada
1/1/1989,-18.28,0.249,Newfoundland And Labrador,Canada
2/1/1989,-18.089,0.389,Newfoundland And Labrador,Canada
3/1/1989,-13.424,0.314,Newfoundland And Labrador,Canada
4/1/1989,-2.284,0.265,Newfoundland And Labrador,Canada
5/1/1989,4.559,0.322,Newfoundland And Labrador,Canada
6/1/1989,10.881,0.473,Newfoundland And Labrador,Canada
7/1/1989,12.735,0.253,Newfoundland And Labrador,Canada
8/1/1989,12.059,0.335,Newfoundland And Labrador,Canada
9/1/1989,8.342,0.289,Newfoundland And Labrador,Canada
10/1/1989,1.093,0.311,Newfoundland And Labrador,Canada
11/1/1989,-6.028,0.327,Newfoundland And Labrador,Canada
12/1/1989,-13.757,0.237,Newfoundland And Labrador,Canada
1/1/1990,-17.612,0.336,Newfoundland And Labrador,Canada
2/1/1990,-20.864,0.429,Newfoundland And Labrador,Canada
3/1/1990,-12.488,0.281,Newfoundland And Labrador,Canada
4/1/1990,-4.276,0.213,Newfoundland And Labrador,Canada
5/1/1990,1.921,0.354,Newfoundland And Labrador,Canada
6/1/1990,8.902,0.318,Newfoundland And Labrador,Canada
7/1/1990,12.667,0.317,Newfoundland And Labrador,Canada
8/1/1990,13.351,0.252,Newfoundland And Labrador,Canada
9/1/1990,7.582,0.3,Newfoundland And Labrador,Canada
10/1/1990,1.591,0.273,Newfoundland And Labrador,Canada
11/1/1990,-4.542,0.44,Newfoundland And Labrador,Canada
12/1/1990,-14.041,0.296,Newfoundland And Labrador,Canada
1/1/1991,-22.771,0.279,Newfoundland And Labrador,Canada
2/1/1991,-16.963,0.416,Newfoundland And Labrador,Canada
3/1/1991,-8.164,0.269,Newfoundland And Labrador,Canada
4/1/1991,-5.347,0.375,Newfoundland And Labrador,Canada
5/1/1991,1.771,0.275,Newfoundland And Labrador,Canada
6/1/1991,7.369,0.325,Newfoundland And Labrador,Canada
7/1/1991,11.579,0.239,Newfoundland And Labrador,Canada
8/1/1991,12.133,0.201,Newfoundland And Labrador,Canada
9/1/1991,7.371,0.257,Newfoundland And Labrador,Canada
10/1/1991,2.156,0.27,Newfoundland And Labrador,Canada
11/1/1991,-3.628,0.306,Newfoundland And Labrador,Canada
12/1/1991,-16.192,0.253,Newfoundland And Labrador,Canada
1/1/1992,-16.827,0.261,Newfoundland And Labrador,Canada
2/1/1992,-19.96,0.344,Newfoundland And Labrador,Canada
3/1/1992,-11.66,0.29,Newfoundland And Labrador,Canada
4/1/1992,-5.927,0.442,Newfoundland And Labrador,Canada
5/1/1992,1.685,0.253,Newfoundland And Labrador,Canada
6/1/1992,7.572,0.346,Newfoundland And Labrador,Canada
7/1/1992,10.593,0.283,Newfoundland And Labrador,Canada
8/1/1992,11.501,0.251,Newfoundland And Labrador,Canada
9/1/1992,8.514,0.364,Newfoundland And Labrador,Canada
10/1/1992,1.815,0.36,Newfoundland And Labrador,Canada
11/1/1992,-7.659,0.451,Newfoundland And Labrador,Canada
12/1/1992,-14.253,0.44,Newfoundland And Labrador,Canada
1/1/1993,-18.643,0.349,Newfoundland And Labrador,Canada
2/1/1993,-20.193,0.318,Newfoundland And Labrador,Canada
3/1/1993,-12.831,0.339,Newfoundland And Labrador,Canada
4/1/1993,-3.401,0.357,Newfoundland And Labrador,Canada
5/1/1993,2.938,0.364,Newfoundland And Labrador,Canada
6/1/1993,8.022,0.485,Newfoundland And Labrador,Canada
7/1/1993,11.631,0.301,Newfoundland And Labrador,Canada
8/1/1993,12.707,0.303,Newfoundland And Labrador,Canada
9/1/1993,7.723,0.325,Newfoundland And Labrador,Canada
10/1/1993,0.2,0.227,Newfoundland And Labrador,Canada
11/1/1993,-6.503,0.315,Newfoundland And Labrador,Canada
12/1/1993,-11.688,0.338,Newfoundland And Labrador,Canada
1/1/1994,-19.607,0.294,Newfoundland And Labrador,Canada
2/1/1994,-19.38,0.354,Newfoundland And Labrador,Canada
3/1/1994,-10.461,0.345,Newfoundland And Labrador,Canada
4/1/1994,-4.748,0.262,Newfoundland And Labrador,Canada
5/1/1994,2.299,0.303,Newfoundland And Labrador,Canada
6/1/1994,9.368,0.293,Newfoundland And Labrador,Canada
7/1/1994,13.629,0.331,Newfoundland And Labrador,Canada
8/1/1994,11.978,0.294,Newfoundland And Labrador,Canada
9/1/1994,8.063,0.306,Newfoundland And Labrador,Canada
10/1/1994,3.614,0.225,Newfoundland And Labrador,Canada
11/1/1994,-3.106,0.247,Newfoundland And Labrador,Canada
12/1/1994,-12.246,0.336,Newfoundland And Labrador,Canada
1/1/1995,-17.438,0.294,Newfoundland And Labrador,Canada
2/1/1995,-18.844,0.313,Newfoundland And Labrador,Canada
3/1/1995,-11.567,0.225,Newfoundland And Labrador,Canada
4/1/1995,-2.557,0.387,Newfoundland And Labrador,Canada
5/1/1995,3.877,0.357,Newfoundland And Labrador,Canada
6/1/1995,9.112,0.267,Newfoundland And Labrador,Canada
7/1/1995,13.549,0.292,Newfoundland And Labrador,Canada
8/1/1995,12.666,0.278,Newfoundland And Labrador,Canada
9/1/1995,7.845,0.28,Newfoundland And Labrador,Canada
10/1/1995,3.102,0.235,Newfoundland And Labrador,Canada
11/1/1995,-4.166,0.24,Newfoundland And Labrador,Canada
12/1/1995,-11.725,0.308,Newfoundland And Labrador,Canada
1/1/1996,-16.874,0.262,Newfoundland And Labrador,Canada
2/1/1996,-12.261,0.264,Newfoundland And Labrador,Canada
3/1/1996,-9.176,0.232,Newfoundland And Labrador,Canada
4/1/1996,-0.282,0.232,Newfoundland And Labrador,Canada
5/1/1996,2.429,0.234,Newfoundland And Labrador,Canada
6/1/1996,8.758,0.235,Newfoundland And Labrador,Canada
7/1/1996,12.338,0.245,Newfoundland And Labrador,Canada
8/1/1996,14.296,0.27,Newfoundland And Labrador,Canada
9/1/1996,7.633,0.34,Newfoundland And Labrador,Canada
10/1/1996,1.381,0.23,Newfoundland And Labrador,Canada
11/1/1996,-3.466,0.27,Newfoundland And Labrador,Canada
12/1/1996,-8.801,0.194,Newfoundland And Labrador,Canada
1/1/1997,-14.535,0.33,Newfoundland And Labrador,Canada
2/1/1997,-18.451,0.295,Newfoundland And Labrador,Canada
3/1/1997,-13.282,0.361,Newfoundland And Labrador,Canada
4/1/1997,-4.221,0.241,Newfoundland And Labrador,Canada
5/1/1997,2.815,0.311,Newfoundland And Labrador,Canada
6/1/1997,8.69,0.284,Newfoundland And Labrador,Canada
7/1/1997,12.009,0.293,Newfoundland And Labrador,Canada
8/1/1997,12.143,0.255,Newfoundland And Labrador,Canada
9/1/1997,8.794,0.314,Newfoundland And Labrador,Canada
10/1/1997,1.959,0.34,Newfoundland And Labrador,Canada
11/1/1997,-4.724,0.293,Newfoundland And Labrador,Canada
12/1/1997,-10.48,0.242,Newfoundland And Labrador,Canada
1/1/1998,-15.323,0.281,Newfoundland And Labrador,Canada
2/1/1998,-12.736,0.239,Newfoundland And Labrador,Canada
3/1/1998,-9.613,0.344,Newfoundland And Labrador,Canada
4/1/1998,-1.673,0.285,Newfoundland And Labrador,Canada
5/1/1998,5.055,0.285,Newfoundland And Labrador,Canada
6/1/1998,10.559,0.482,Newfoundland And Labrador,Canada
7/1/1998,13.922,0.366,Newfoundland And Labrador,Canada
8/1/1998,13.151,0.231,Newfoundland And Labrador,Canada
9/1/1998,8.549,0.339,Newfoundland And Labrador,Canada
10/1/1998,1.869,0.278,Newfoundland And Labrador,Canada
11/1/1998,-4.134,0.317,Newfoundland And Labrador,Canada
12/1/1998,-11.194,0.239,Newfoundland And Labrador,Canada
1/1/1999,-15.7,0.289,Newfoundland And Labrador,Canada
2/1/1999,-12.388,0.362,Newfoundland And Labrador,Canada
3/1/1999,-4.794,0.43,Newfoundland And Labrador,Canada
4/1/1999,-1.695,0.281,Newfoundland And Labrador,Canada
5/1/1999,6.315,0.419,Newfoundland And Labrador,Canada
6/1/1999,11.2,0.291,Newfoundland And Labrador,Canada
7/1/1999,13.722,0.266,Newfoundland And Labrador,Canada
8/1/1999,13.365,0.267,Newfoundland And Labrador,Canada
9/1/1999,10.202,0.349,Newfoundland And Labrador,Canada
10/1/1999,0.566,0.479,Newfoundland And Labrador,Canada
11/1/1999,-4.764,0.435,Newfoundland And Labrador,Canada
12/1/1999,-10.263,0.276,Newfoundland And Labrador,Canada
1/1/2000,-15.33,0.306,Newfoundland And Labrador,Canada
2/1/2000,-14.956,0.343,Newfoundland And Labrador,Canada
3/1/2000,-7.012,0.558,Newfoundland And Labrador,Canada
4/1/2000,-2.563,0.312,Newfoundland And Labrador,Canada
5/1/2000,2.62,0.279,Newfoundland And Labrador,Canada
6/1/2000,9.137,0.515,Newfoundland And Labrador,Canada
7/1/2000,13.828,0.223,Newfoundland And Labrador,Canada
8/1/2000,14.604,0.413,Newfoundland And Labrador,Canada
9/1/2000,8.622,0.305,Newfoundland And Labrador,Canada
10/1/2000,1.459,0.301,Newfoundland And Labrador,Canada
11/1/2000,-3.031,0.405,Newfoundland And Labrador,Canada
12/1/2000,-10.41,0.407,Newfoundland And Labrador,Canada
1/1/2001,-17.024,0.383,Newfoundland And Labrador,Canada
2/1/2001,-15.956,0.3,Newfoundland And Labrador,Canada
3/1/2001,-6.161,0.401,Newfoundland And Labrador,Canada
4/1/2001,-3.955,0.246,Newfoundland And Labrador,Canada
5/1/2001,5.757,0.518,Newfoundland And Labrador,Canada
6/1/2001,9.994,0.315,Newfoundland And Labrador,Canada
7/1/2001,12.346,0.401,Newfoundland And Labrador,Canada
8/1/2001,14.235,0.174,Newfoundland And Labrador,Canada
9/1/2001,9.027,0.331,Newfoundland And Labrador,Canada
10/1/2001,3.614,0.257,Newfoundland And Labrador,Canada
11/1/2001,-3.804,0.335,Newfoundland And Labrador,Canada
12/1/2001,-7.447,0.336,Newfoundland And Labrador,Canada
1/1/2002,-18.405,0.375,Newfoundland And Labrador,Canada
2/1/2002,-16.371,0.332,Newfoundland And Labrador,Canada
3/1/2002,-11.654,0.259,Newfoundland And Labrador,Canada
4/1/2002,-4.008,0.479,Newfoundland And Labrador,Canada
5/1/2002,2.217,0.258,Newfoundland And Labrador,Canada
6/1/2002,8.404,0.274,Newfoundland And Labrador,Canada
7/1/2002,13.441,0.322,Newfoundland And Labrador,Canada
8/1/2002,12.588,0.322,Newfoundland And Labrador,Canada
9/1/2002,8.944,0.396,Newfoundland And Labrador,Canada
10/1/2002,1.77,0.412,Newfoundland And Labrador,Canada
11/1/2002,-5.542,0.334,Newfoundland And Labrador,Canada
12/1/2002,-11.466,0.424,Newfoundland And Labrador,Canada
1/1/2003,-14.542,0.724,Newfoundland And Labrador,Canada
2/1/2003,-18.006,0.578,Newfoundland And Labrador,Canada
3/1/2003,-13.752,0.267,Newfoundland And Labrador,Canada
4/1/2003,-5.064,0.348,Newfoundland And Labrador,Canada
5/1/2003,4.648,0.292,Newfoundland And Labrador,Canada
6/1/2003,9.702,0.362,Newfoundland And Labrador,Canada
7/1/2003,13.661,0.221,Newfoundland And Labrador,Canada
8/1/2003,13.691,0.437,Newfoundland And Labrador,Canada
9/1/2003,11.697,0.402,Newfoundland And Labrador,Canada
10/1/2003,4.327,0.528,Newfoundland And Labrador,Canada
11/1/2003,-3.229,0.42,Newfoundland And Labrador,Canada
12/1/2003,-8.96,0.35,Newfoundland And Labrador,Canada
1/1/2004,-14,0.515,Newfoundland And Labrador,Canada
2/1/2004,-13.691,0.379,Newfoundland And Labrador,Canada
3/1/2004,-10.183,0.361,Newfoundland And Labrador,Canada
4/1/2004,-2.779,0.384,Newfoundland And Labrador,Canada
5/1/2004,2.776,0.423,Newfoundland And Labrador,Canada
6/1/2004,8.377,0.36,Newfoundland And Labrador,Canada
7/1/2004,14.578,0.239,Newfoundland And Labrador,Canada
8/1/2004,13.793,0.276,Newfoundland And Labrador,Canada
9/1/2004,7.758,0.249,Newfoundland And Labrador,Canada
10/1/2004,3.84,0.318,Newfoundland And Labrador,Canada
11/1/2004,-4.214,0.338,Newfoundland And Labrador,Canada
12/1/2004,-12.599,0.321,Newfoundland And Labrador,Canada
1/1/2005,-19.332,0.421,Newfoundland And Labrador,Canada
2/1/2005,-12.988,0.389,Newfoundland And Labrador,Canada
3/1/2005,-8.573,0.295,Newfoundland And Labrador,Canada
4/1/2005,-1.32,0.201,Newfoundland And Labrador,Canada
5/1/2005,5.776,0.246,Newfoundland And Labrador,Canada
6/1/2005,10.1,0.282,Newfoundland And Labrador,Canada
7/1/2005,14.728,0.193,Newfoundland And Labrador,Canada
8/1/2005,12.817,0.219,Newfoundland And Labrador,Canada
9/1/2005,9.224,0.16,Newfoundland And Labrador,Canada
10/1/2005,3.495,0.296,Newfoundland And Labrador,Canada
11/1/2005,-3.015,0.35,Newfoundland And Labrador,Canada
12/1/2005,-11.035,0.342,Newfoundland And Labrador,Canada
1/1/2006,-13.422,0.5,Newfoundland And Labrador,Canada
2/1/2006,-14.277,0.427,Newfoundland And Labrador,Canada
3/1/2006,-5.903,0.446,Newfoundland And Labrador,Canada
4/1/2006,0.007,0.297,Newfoundland And Labrador,Canada
5/1/2006,6.64,0.484,Newfoundland And Labrador,Canada
6/1/2006,11.954,0.278,Newfoundland And Labrador,Canada
7/1/2006,14.542,0.334,Newfoundland And Labrador,Canada
8/1/2006,12.469,0.22,Newfoundland And Labrador,Canada
9/1/2006,9.27,0.308,Newfoundland And Labrador,Canada
10/1/2006,3.191,0.318,Newfoundland And Labrador,Canada
11/1/2006,-2.368,0.276,Newfoundland And Labrador,Canada
12/1/2006,-10.227,0.405,Newfoundland And Labrador,Canada
1/1/2007,-13.749,0.441,Newfoundland And Labrador,Canada
2/1/2007,-13.723,0.467,Newfoundland And Labrador,Canada
3/1/2007,-10.848,0.434,Newfoundland And Labrador,Canada
4/1/2007,-3.653,0.437,Newfoundland And Labrador,Canada
5/1/2007,2.054,0.268,Newfoundland And Labrador,Canada
6/1/2007,10.199,0.527,Newfoundland And Labrador,Canada
7/1/2007,14.331,0.296,Newfoundland And Labrador,Canada
8/1/2007,12.808,0.251,Newfoundland And Labrador,Canada
9/1/2007,7.68,0.398,Newfoundland And Labrador,Canada
10/1/2007,2.61,0.357,Newfoundland And Labrador,Canada
11/1/2007,-4.436,0.32,Newfoundland And Labrador,Canada
12/1/2007,-14.761,0.269,Newfoundland And Labrador,Canada
1/1/2008,-16.427,0.424,Newfoundland And Labrador,Canada
2/1/2008,-16.273,0.388,Newfoundland And Labrador,Canada
3/1/2008,-12.604,0.607,Newfoundland And Labrador,Canada
4/1/2008,-1.351,0.27,Newfoundland And Labrador,Canada
5/1/2008,4.728,0.391,Newfoundland And Labrador,Canada
6/1/2008,9.79,0.247,Newfoundland And Labrador,Canada
7/1/2008,15.211,0.525,Newfoundland And Labrador,Canada
8/1/2008,13.813,0.604,Newfoundland And Labrador,Canada
9/1/2008,9.399,0.422,Newfoundland And Labrador,Canada
10/1/2008,3.191,0.287,Newfoundland And Labrador,Canada
11/1/2008,-2.539,0.21,Newfoundland And Labrador,Canada
12/1/2008,-13.572,0.65,Newfoundland And Labrador,Canada
1/1/2009,-16.533,0.286,Newfoundland And Labrador,Canada
2/1/2009,-12.609,0.366,Newfoundland And Labrador,Canada
3/1/2009,-11.009,0.757,Newfoundland And Labrador,Canada
4/1/2009,-3.055,0.373,Newfoundland And Labrador,Canada
5/1/2009,2.813,0.262,Newfoundland And Labrador,Canada
6/1/2009,9.849,0.332,Newfoundland And Labrador,Canada
7/1/2009,13.09,0.55,Newfoundland And Labrador,Canada
8/1/2009,12.66,0.228,Newfoundland And Labrador,Canada
9/1/2009,8.188,0.27,Newfoundland And Labrador,Canada
10/1/2009,0.472,0.243,Newfoundland And Labrador,Canada
11/1/2009,-2.48,0.282,Newfoundland And Labrador,Canada
12/1/2009,-8.217,0.375,Newfoundland And Labrador,Canada
1/1/2010,-11.343,0.417,Newfoundland And Labrador,Canada
2/1/2010,-6.955,0.348,Newfoundland And Labrador,Canada
3/1/2010,-7.052,0.46,Newfoundland And Labrador,Canada
4/1/2010,0.671,0.368,Newfoundland And Labrador,Canada
5/1/2010,3.782,0.326,Newfoundland And Labrador,Canada
6/1/2010,8.533,0.316,Newfoundland And Labrador,Canada
7/1/2010,13.856,0.234,Newfoundland And Labrador,Canada
8/1/2010,14.985,0.327,Newfoundland And Labrador,Canada
9/1/2010,9.038,0.252,Newfoundland And Labrador,Canada
10/1/2010,3.452,0.307,Newfoundland And Labrador,Canada
11/1/2010,-1.554,0.391,Newfoundland And Labrador,Canada
12/1/2010,-3.709,0.54,Newfoundland And Labrador,Canada
1/1/2011,-10.579,0.504,Newfoundland And Labrador,Canada
2/1/2011,-15.86,0.36,Newfoundland And Labrador,Canada
3/1/2011,-9.864,0.233,Newfoundland And Labrador,Canada
4/1/2011,-4.166,0.379,Newfoundland And Labrador,Canada
5/1/2011,3.248,0.341,Newfoundland And Labrador,Canada
6/1/2011,8.738,0.265,Newfoundland And Labrador,Canada
7/1/2011,13.222,0.309,Newfoundland And Labrador,Canada
8/1/2011,13.774,0.188,Newfoundland And Labrador,Canada
9/1/2011,9.348,0.29,Newfoundland And Labrador,Canada
10/1/2011,3.079,0.37,Newfoundland And Labrador,Canada
11/1/2011,-3.374,0.318,Newfoundland And Labrador,Canada
12/1/2011,-11.738,0.339,Newfoundland And Labrador,Canada
1/1/2012,-15.576,0.444,Newfoundland And Labrador,Canada
2/1/2012,-14.342,0.315,Newfoundland And Labrador,Canada
3/1/2012,-10.481,0.192,Newfoundland And Labrador,Canada
4/1/2012,-2.033,0.422,Newfoundland And Labrador,Canada
5/1/2012,5.284,0.348,Newfoundland And Labrador,Canada
6/1/2012,11.513,0.547,Newfoundland And Labrador,Canada
7/1/2012,14.775,0.404,Newfoundland And Labrador,Canada
8/1/2012,14.961,0.316,Newfoundland And Labrador,Canada
9/1/2012,10.764,0.275,Newfoundland And Labrador,Canada
10/1/2012,3.648,0.337,Newfoundland And Labrador,Canada
11/1/2012,-2.713,0.614,Newfoundland And Labrador,Canada
12/1/2012,-9.324,0.63,Newfoundland And Labrador,Canada
1/1/2013,-15.841,0.46,Newfoundland And Labrador,Canada
2/1/2013,-13.304,0.5,Newfoundland And Labrador,Canada
3/1/2013,-4.909,0.399,Newfoundland And Labrador,Canada
4/1/2013,-2.402,0.456,Newfoundland And Labrador,Canada
5/1/2013,3.88,0.45,Newfoundland And Labrador,Canada
6/1/2013,8.366,0.504,Newfoundland And Labrador,Canada
7/1/2013,14.101,0.596,Newfoundland And Labrador,Canada
8/1/2013,12.888,0.519,Newfoundland And Labrador,Canada
9/1/2013,9.34,2.76,Newfoundland And Labrador,Canada
